Numero Ticket;ItemID;Item;Fecha Creacion;Fecha Termino;Fecha Cierre;Resumen;Ubicacion;Modo Reporte;Estado;Prioridad
WO0000005654698;92;ESCRITORIO;2024-10-01;04/10/2024;07-10-24;REPONER VIDRIO;EL SOL - 191082;Web HD;Cerrado;3
WO0000005654915;96;ESTACIONAMIENTO SE ALIZACION;2024-10-01;11/10/2024;14-10-24;PINTAR;VILLA SOL - 191059;Web HD;Cerrado;3
WO0000005654924;96;ESTACIONAMIENTO SE ALIZACION;2024-10-01;;;CAMBIAR;VILLA SOL - 191059;Web HD;Rechazado;3
WO0000005654991;249;TOMACORRIENTES;2024-10-01;03/10/2024;06-10-24;REVISAR;NACIONES UNIDAS - 191084;Web HD;Cerrado;3
WO0000005655207;69;DETECTOR DE BILLETES;2024-10-01;03/10/2024;06-10-24;REPARAR;NACIONES UNIDAS - 191084;Web HD;Cerrado;3
WO0000005655249;31;CAJA / TAPA DE PASO;2024-10-01;10/10/2024;13-10-24;REVISAR;LAS MALVINAS - 191076;Web HD;Cerrado;3
WO0000005655263;202;RAMPA BARANDA;2024-10-01;15/10/2024;18-10-24;REPARAR;IZAGUIRRE - 191154;Web HD;Cerrado;3
WO0000005655703;65;CREDENZA CERRADURA;2024-10-01;05/10/2024;07-10-24;REEMPLAZAR;SAN MARTIN DE PORRES - 191021;Web HD;Cerrado;3
WO0000005655712;231;STICKER;2024-10-01;03/10/2024;06-10-24;REPONER;TOTTUS GUIPOR - 191147;Web HD;Cerrado;3
WO0000005655797;5;AIRE ACONDICIONADO;2024-10-01;13/10/2024;16-10-24;REGULAR;EL PROGRESO - 191037;Web HD;Cerrado;3
WO0000005655798;190;PUERTA / MAMPARA CERRADURA;2024-10-01;12/10/2024;15-10-24;APERTURAR;EL PROGRESO - 191037;Web HD;Cerrado;3
WO0000005656058;163;PARED;2024-10-01;;;PINTAR;IZAGUIRRE - 191154;Web HD;En Curso;3
WO0000005656067;5;AIRE ACONDICIONADO;2024-10-01;06/10/2024;09-10-24;REPARAR;NARANJAL - 191141;Web HD;Cerrado;3
WO0000005656074;250;TOTEM;2024-10-01;;;REPARAR;MEGA PLAZA 2 - 191040;Web HD;Rechazado;3
WO0000005656095;199;PUNTO / CABLE DE RED;2024-10-01;22/10/2024;25-10-24;REVISAR;LAS MALVINAS - 191076;Web HD;Cerrado;3
WO0000005656401;108;FOCO FLOURESCENTES;2024-10-01;03/10/2024;06-10-24;CAMBIAR;PLAZA UNION - 191062;Web HD;Cerrado;3
WO0000005656409;65;CREDENZA CERRADURA;2024-10-01;;;REEMPLAZAR;MEGA PLAZA 2 - 191040;Web HD;Rechazado;3
WO0000005656469;188;PUERTA / MAMPARA;2024-10-01;;;REPARAR;LOS ALISOS - 191080;Web HD;En Curso;3
WO0000005656830;41;CAJONERA;2024-10-01;02/10/2024;05-10-24;REPARAR;CAQUETA - 191091;Web HD;Cerrado;3
WO0000005656835;57;CONTADOR DE MONEDAS;2024-10-01;09/10/2024;12-10-24;REPARAR;CAQUETA - 191091;Web HD;Cerrado;3
WO0000005657202;32;CAJA BUZON;2024-10-01;07/10/2024;10-10-24;REPROGRAMAR;NICOLAS AYLLON - 191027;Web HD;Cerrado;3
WO0000005657271;226;SISTEMA DE AUDIO;2024-10-01;05/10/2024;08-10-24;REPARAR;LA ENSENADA - 191149;Web HD;Cerrado;3
WO0000005657293;257;URINARIOS;2024-10-01;05/10/2024;08-10-24;REVISAR;BELAUNDE - 191018;Web HD;Cerrado;3
WO0000005657802;57;CONTADOR DE MONEDAS;2024-10-01;11/10/2024;14-10-24;REPARAR;NICOLAS AYLLON - 191027;Web HD;Cerrado;3
WO0000005659028;106;FOCO AHORRADOR;2024-10-02;07/10/2024;10-10-24;CAMBIAR;NICOLAS AYLLON - 191027;Web HD;Cerrado;3
WO0000005659032;163;PARED;2024-10-02;13/10/2024;16-10-24;PINTAR;NICOLAS AYLLON - 191027;Web HD;Cerrado;3
WO0000005659066;239;TANQUES ELEVADOS CISTERNAS Y POZOS;2024-10-02;27/10/2024;30-10-24;REPARAR;TUPAC AMARU - 191038;Web HD;Cerrado;3
WO0000005659070;5;AIRE ACONDICIONADO;2024-10-02;06/10/2024;09-10-24;REPARAR;MENDIOLA - 191078;Web HD;Cerrado;3
WO0000005659073;5;AIRE ACONDICIONADO;2024-10-02;06/10/2024;09-10-24;REPARAR;MENDIOLA - 191078;Web HD;Cerrado;3
WO0000005659529;113;GRUPO ELECTROGENO;2024-10-02;05/10/2024;08-10-24;REVISAR;INDEPENDENCIA (LIMA) - 191142;Web HD;Cerrado;3
WO0000005659533;113;GRUPO ELECTROGENO;2024-10-02;06/10/2024;09-10-24;REGARGAR COMBUSTIBLE;INDEPENDENCIA (LIMA) - 191142;Web HD;Cerrado;3
WO0000005659572;43;CAJONERA CERRADURA;2024-10-02;07/10/2024;10-10-24;DUPLICADO DE LLAVE;MERCADO DE FRUTAS - 191064;Web HD;Cerrado;3
WO0000005659573;139;LONCHERA CERRADURA;2024-10-02;07/10/2024;10-10-24;DUPLICADO DE LLAVE;MERCADO DE FRUTAS - 191064;Web HD;Cerrado;3
WO0000005659964;43;CAJONERA CERRADURA;2024-10-02;06/10/2024;09-10-24;REEMPLAZAR;TUSILAGOS - 191108;Web HD;Cerrado;3
WO0000005660172;240;TECHO /BALDOSAS;2024-10-02;07/10/2024;10-10-24;CAMBIAR;LAS LOMAS - 191055;Web HD;Cerrado;3
WO0000005660196;29;CABLE VGA;2024-10-02;12/10/2024;15-10-24;REEMPLAZAR;TOTTUS GUIPOR - 191147;Web HD;Cerrado;2
WO0000005660807;108;FOCO FLOURESCENTES;2024-10-02;09/10/2024;12-10-24;CAMBIAR;C.B. FIORI - 191088;Web HD;Cerrado;3
WO0000005661115;249;TOMACORRIENTES;2024-10-02;02/10/2024;05-10-24;REVISAR;PLAZA LIMA NORTE - 191058;Web HD;Cerrado;3
WO0000005661194;159;PANEL CONTRA INCENDIO;2024-10-02;13/10/2024;16-10-24;REPARAR;MEGA PLAZA 2 - 191040;Web HD;Cerrado;3
WO0000005661212;32;CAJA BUZON;2024-10-02;06/10/2024;09-10-24;REPARAR;EDUARDO DE HABICH - 191023;Web HD;Cerrado;3
WO0000005661219;5;AIRE ACONDICIONADO;2024-10-02;06/10/2024;09-10-24;REPARAR;PUENTE PIEDRA - 191035;Web HD;Cerrado;3
WO0000005661224;264;VINIL;2024-10-02;26/10/2024;29-10-24;REPONER;PUENTE PIEDRA - 191035;Web HD;Cerrado;3
WO0000005661228;108;FOCO FLOURESCENTES;2024-10-02;09/10/2024;12-10-24;CAMBIAR;PUENTE PIEDRA - 191035;Web HD;Cerrado;3
WO0000005661229;111;GRIFERIA;2024-10-02;07/10/2024;10-10-24;REVISAR;PUENTE PIEDRA - 191035;Web HD;Cerrado;3
WO0000005661230;240;TECHO /BALDOSAS;2024-10-02;09/10/2024;12-10-24;CAMBIAR;PUENTE PIEDRA - 191035;Web HD;Cerrado;3
WO0000005661235;65;CREDENZA CERRADURA;2024-10-02;10/10/2024;13-10-24;DUPLICADO DE LLAVE;PUENTE PIEDRA - 191035;Web HD;Cerrado;3
WO0000005661239;139;LONCHERA CERRADURA;2024-10-02;07/10/2024;10-10-24;DUPLICADO DE LLAVE;EL PINO - 191087;Web HD;Cerrado;3
WO0000005661609;87;ESCALERA;2024-10-02;;;REPARAR;SANTA LUZMILA - 191063;Web HD;En Curso;3
WO0000005661617;221;SILLAS;2024-10-02;05/10/2024;08-10-24;REPARAR;MEGA PLAZA - 191010;Web HD;Cerrado;3
WO0000005661635;5;AIRE ACONDICIONADO;2024-10-02;05/10/2024;08-10-24;REPARAR;C.C. MULTIPLAZA - 191077;Web HD;Cerrado;3
WO0000005661637;108;FOCO FLOURESCENTES;2024-10-02;06/10/2024;09-10-24;CAMBIAR;LAS LOMAS - 191055;Web HD;Cerrado;3
WO0000005661645;206;REFLECTOR / LAMPARAS;2024-10-02;06/10/2024;09-10-24;CAMBIAR;LAS LOMAS - 191055;Web HD;Cerrado;3
WO0000005662207;56;CONTADOR DE BILLETES;2024-10-02;07/10/2024;10-10-24;REPARAR;ANTUNEZ DE MAYOLO - 191028;Web HD;Cerrado;3
WO0000005662233;146;MODULOS;2024-10-02;09/10/2024;12-10-24;REPARAR;VILLA SOL - 191059;Web HD;Cerrado;3
WO0000005662617;56;CONTADOR DE BILLETES;2024-10-02;07/10/2024;10-10-24;REPARAR;PUENTE PIEDRA - 191035;Web HD;Cerrado;3
WO0000005664871;56;CONTADOR DE BILLETES;2024-10-05;07/10/2024;10-10-24;REPARAR;MERCADO DE FRUTAS - 191064;Web HD;Cerrado;3
WO0000005664898;32;CAJA BUZON;2024-10-05;06/10/2024;09-10-24;APERTURAR;LAS LOMAS - 191055;Web HD;Cerrado;3
WO0000005665254;71;DETECTOR DE HUMO;2024-10-05;05/10/2024;08-10-24;REPARAR;PUENTE PIEDRA - 191035;Web HD;Cerrado;3
WO0000005665732;240;TECHO /BALDOSAS;2024-10-05;14/10/2024;17-10-24;CAMBIAR;MEGA PLAZA 2 - 191040;Web HD;Cerrado;3
WO0000005665738;35;CAJA PULMON;2024-10-05;07/10/2024;10-10-24;REPARAR;MEGA PLAZA 2 - 191040;Web HD;Cerrado;3
WO0000005665740;171;PISOS;2024-10-05;06/10/2024;09-10-24;LIMPIAR;PUNTO BCP TOTTUS CAMPOY - 191169;Web HD;Cerrado;3
WO0000005665741;113;GRUPO ELECTROGENO;2024-10-05;07/10/2024;10-10-24;ALQUILER;PLAZA CIVICA VENTANILLA - 192026;Web HD;Cerrado;3
WO0000005665744;64;CREDENZA;2024-10-05;08/10/2024;11-10-24;REPARAR;PERU - 191056;Web HD;Cerrado;3
WO0000005665798;92;ESCRITORIO;2024-10-05;07/10/2024;10-10-24;MANTENIMIENTO;SAN JUAN DE LURIGANCHO - 191017;Web HD;Cerrado;1
WO0000005666200;92;ESCRITORIO;2024-10-05;14/10/2024;17-10-24;MANTENIMIENTO;SAN JUAN DE LURIGANCHO - 191017;Web HD;Cerrado;1
WO0000005666241;227;SISTEMA DE VIDEO;2024-10-05;07/10/2024;10-10-24;REPARACION;MEGA PLAZA - 191010;Web HD;Cerrado;2
WO0000005666603;56;CONTADOR DE BILLETES;2024-10-05;13/10/2024;16-10-24;REPARAR;MENDIOLA - 191078;Web HD;Cerrado;3
WO0000005666629;57;CONTADOR DE MONEDAS;2024-10-05;07/10/2024;10-10-24;REPARAR;CHIMPU OCLLO - 191113;Web HD;Cerrado;3
WO0000005666644;127;JARDIN;2024-10-05;;;ARREGLAR;MENDIOLA - 191078;Web HD;En Curso;3
WO0000005666672;69;DETECTOR DE BILLETES;2024-10-05;09/10/2024;12-10-24;REPARAR;EL PINO - 191087;Web HD;Cerrado;3
WO0000005667762;197;PULSADOR DE ASALTO;2024-10-05;06/10/2024;09-10-24;REPARAR;ROSA TORO - 193022;Web HD;Cerrado;3
WO0000005668115;65;CREDENZA CERRADURA;2024-10-05;14/10/2024;17-10-24;APERTURAR;UNIPLAZA - 191019;Web HD;Cerrado;3
WO0000005668434;106;FOCO AHORRADOR;2024-10-05;;;CAMBIAR;VILLA SOL - 191059;Web HD;En Curso;3
WO0000005668889;43;CAJONERA CERRADURA;2024-10-06;11/10/2024;14-10-24;REEMPLAZAR;NACIONES UNIDAS - 191084;Web HD;Cerrado;3
WO0000005668890;122;INODORO TANQUE DE AGUA;2024-10-06;17/10/2024;20-10-24;REVISAR;NACIONES UNIDAS - 191084;Web HD;Cerrado;3
WO0000005668891;237;TACHO;2024-10-06;13/10/2024;16-10-24;REPARAR;NACIONES UNIDAS - 191084;Web HD;Cerrado;3
WO0000005668892;108;FOCO FLOURESCENTES;2024-10-06;11/10/2024;14-10-24;CAMBIAR;NACIONES UNIDAS - 191084;Web HD;Cerrado;3
WO0000005669100;123;INODOROS;2024-10-06;16/10/2024;19-10-24;REVISAR;PRO - 191029;Web HD;Cerrado;3
WO0000005669102;171;PISOS;2024-10-06;13/10/2024;16-10-24;LIMPIAR;PRO - 191029;Web HD;Cerrado;3
WO0000005669103;264;VINIL;2024-10-06;;;REPONER;PRO - 191029;Web HD;Rechazado;3
WO0000005669104;219;SEPARADORES;2024-10-06;12/10/2024;15-10-24;REPARAR;PRO - 191029;Web HD;Cerrado;3
WO0000005669115;44;CAMARA CONVENCIONAL;2024-10-06;06/10/2024;09-10-24;REPARAR;LAS LOMAS - 191055;Web HD;Cerrado;3
WO0000005669124;5;AIRE ACONDICIONADO;2024-10-06;;;REPARAR;VILLA SOL - 191059;Web HD;Rechazado;3
WO0000005669127;237;TACHO;2024-10-06;10/10/2024;13-10-24;REPARAR;NICOLAS AYLLON - 191027;Web HD;Cerrado;3
WO0000005669130;221;SILLAS;2024-10-06;09/10/2024;12-10-24;REPARAR;EDUARDO DE HABICH - 191023;Web HD;Cerrado;3
WO0000005669131;171;PISOS;2024-10-06;;;RESANAR;EDUARDO DE HABICH - 191023;Web HD;Rechazado;3
WO0000005669187;249;TOMACORRIENTES;2024-10-06;;;REVISAR;MERCADO DE FRUTAS - 191064;Web HD;En Curso;3
WO0000005669655;111;GRIFERIA;2024-10-06;08/10/2024;11-10-24;REVISAR;EL SOL - 191082;Web HD;Cerrado;3
WO0000005669659;108;FOCO FLOURESCENTES;2024-10-06;14/10/2024;17-10-24;CAMBIAR;VILLA SOL - 191059;Web HD;Cerrado;3
WO0000005670017;136;LLAVE SHUNT;2024-10-06;06/10/2024;09-10-24;REPARAR;LAS LOMAS - 191055;Web HD;Cerrado;3
WO0000005670019;190;PUERTA / MAMPARA CERRADURA;2024-10-06;26/10/2024;29-10-24;APERTURAR;LAS LOMAS - 191055;Web HD;Cerrado;3
WO0000005670043;237;TACHO;2024-10-06;21/10/2024;24-10-24;REPARAR;LAS LOMAS - 191055;Web HD;Cerrado;3
WO0000005670443;221;SILLAS;2024-10-06;12/10/2024;15-10-24;REPARAR;METRO AV. WIESSE - 191106;Web HD;Cerrado;3
WO0000005670445;5;AIRE ACONDICIONADO;2024-10-06;13/10/2024;16-10-24;REPARAR;METRO AV. WIESSE - 191106;Web HD;Cerrado;3
WO0000005670449;240;TECHO /BALDOSAS;2024-10-06;20/10/2024;23-10-24;CAMBIAR;METRO AV. WIESSE - 191106;Web HD;Cerrado;3
WO0000005670458;214;SENSOR DE ANIEGO;2024-10-06;13/10/2024;16-10-24;REPARAR;METRO AV. WIESSE - 191106;Web HD;Cerrado;3
WO0000005670459;56;CONTADOR DE BILLETES;2024-10-06;08/10/2024;11-10-24;REPARAR;VILLA SOL - 191059;Web HD;Cerrado;3
WO0000005670487;32;CAJA BUZON;2024-10-06;08/10/2024;11-10-24;REPARAR;UNIPLAZA - 191019;Web HD;Cerrado;3
WO0000005670901;89;ESCALERA CINTA ANTIDESLIZANTE;2024-10-06;13/10/2024;16-10-24;REPONER;EL SOL - 191082;Web HD;Cerrado;3
WO0000005670902;56;CONTADOR DE BILLETES;2024-10-06;;;REPARAR;UNIPLAZA - 191019;Web HD;Rechazado;3
WO0000005670934;221;SILLAS;2024-10-06;14/10/2024;17-10-24;REPARAR;EL PINO - 191087;Web HD;Cerrado;3
WO0000005670935;69;DETECTOR DE BILLETES;2024-10-06;07/10/2024;10-10-24;REPARAR;EL PINO - 191087;Web HD;Cerrado;3
WO0000005670937;108;FOCO FLOURESCENTES;2024-10-06;06/10/2024;09-10-24;CAMBIAR;LAS LOMAS - 191055;Web HD;Cerrado;3
WO0000005670938;56;CONTADOR DE BILLETES;2024-10-06;08/10/2024;11-10-24;REPARAR;MENDIOLA - 191078;Web HD;Cerrado;3
WO0000005670942;43;CAJONERA CERRADURA;2024-10-06;07/10/2024;10-10-24;DUPLICADO DE LLAVE;EL PINO - 191087;Web HD;Cerrado;3
WO0000005670943;262;VIDRIO;2024-10-06;11/10/2024;14-10-24;REPARAR;MENDIOLA - 191078;Web HD;Cerrado;3
WO0000005670965;30;CABLEADO;2024-10-06;08/10/2024;11-10-24;REVISAR;INDEPENDENCIA (LIMA) - 191142;Web HD;Cerrado;3
WO0000005671617;56;CONTADOR DE BILLETES;2024-10-06;09/10/2024;12-10-24;REPARAR;QUILCA - 191160;Web HD;Cerrado;3
WO0000005671627;32;CAJA BUZON;2024-10-06;19/10/2024;22-10-24;REPARAR;C.C. MULTIPLAZA - 191077;Web HD;Cerrado;3
WO0000005671630;199;PUNTO / CABLE DE RED;2024-10-06;13/10/2024;16-10-24;REVISAR;METRO AV. WIESSE - 191106;Web HD;Cerrado;3
WO0000005671671;5;AIRE ACONDICIONADO;2024-10-06;;;REGULAR;TUSILAGOS - 191108;Web HD;En Curso;3
WO0000005673191;221;SILLAS;2024-10-07;15/10/2024;18-10-24;REPARAR;CHIMPU OCLLO - 191113;Web HD;Cerrado;3
WO0000005673192;264;VINIL;2024-10-07;;;REPONER;CHIMPU OCLLO - 191113;Web HD;Rechazado;3
WO0000005673196;171;PISOS;2024-10-07;21/10/2024;24-10-24;LIMPIAR;CHIMPU OCLLO - 191113;Web HD;Cerrado;3
WO0000005673300;108;FOCO FLOURESCENTES;2024-10-07;22/10/2024;25-10-24;CAMBIAR;CHIMPU OCLLO - 191113;Web HD;Cerrado;3
WO0000005673305;218;SE ALETICA INTERNA;2024-10-07;09/10/2024;12-10-24;REPONER;CHIMPU OCLLO - 191113;Web HD;Cerrado;3
WO0000005673306;240;TECHO /BALDOSAS;2024-10-07;11/10/2024;14-10-24;CAMBIAR;CHIMPU OCLLO - 191113;Web HD;Cerrado;3
WO0000005673316;74;DISPENSADOR DE JABON LIQUIDO;2024-10-07;09/10/2024;12-10-24;REPARAR;EL PROGRESO - 191037;Web HD;Cerrado;3
WO0000005673328;171;PISOS;2024-10-07;16/10/2024;19-10-24;LIMPIAR;EL PROGRESO - 191037;Web HD;Cerrado;3
WO0000005673330;5;AIRE ACONDICIONADO;2024-10-07;15/10/2024;18-10-24;REGULAR;EL PROGRESO - 191037;Web HD;Cerrado;3
WO0000005673433;136;LLAVE SHUNT;2024-10-07;07/10/2024;10-10-24;REPARAR;MENDIOLA - 191078;Web HD;Cerrado;3
WO0000005673438;192;PUERTA/MAMPARA BRAZO HIDRAULICO;2024-10-07;11/10/2024;14-10-24;REPARAR;LA PAMPILLA - 192012;Web HD;Cerrado;3
WO0000005673445;57;CONTADOR DE MONEDAS;2024-10-07;09/10/2024;12-10-24;REPARAR;INDEPENDENCIA (LIMA) - 191142;Web HD;Cerrado;3
WO0000005673453;249;TOMACORRIENTES;2024-10-07;09/10/2024;12-10-24;REVISAR;LA PAMPILLA - 192012;Web HD;Cerrado;3
WO0000005673460;74;DISPENSADOR DE JABON LIQUIDO;2024-10-07;;;REPARAR;MENDIOLA - 191078;Web HD;Rechazado;3
WO0000005673470;227;SISTEMA DE VIDEO;2024-10-07;08/10/2024;11-10-24;REPARACION;LA ENSENADA - 191149;Web HD;Cerrado;2
WO0000005673803;41;CAJONERA;2024-10-07;13/10/2024;16-10-24;REPARAR;NAYLAMP - 191143;Web HD;Cerrado;3
WO0000005673807;190;PUERTA / MAMPARA CERRADURA;2024-10-07;27/10/2024;30-10-24;REEMPLAZAR;NAYLAMP - 191143;Web HD;Cerrado;3
WO0000005674224;57;CONTADOR DE MONEDAS;2024-10-07;09/10/2024;12-10-24;REPARAR;BELAUNDE - 191018;Web HD;Cerrado;3
WO0000005674230;227;SISTEMA DE VIDEO;2024-10-07;22/10/2024;25-10-24;REPARACION;MEGA PLAZA 2 - 191040;Web HD;Cerrado;2
WO0000005674263;79;DVR;2024-10-07;;;REPARAR;TUPAC AMARU - 191038;Web HD;Rechazado;3
WO0000005674275;92;ESCRITORIO;2024-10-07;21/10/2024;24-10-24;MANTENIMIENTO;QUILCA - 191160;Web HD;Cerrado;1
WO0000005674278;57;CONTADOR DE MONEDAS;2024-10-07;11/10/2024;14-10-24;REPARAR;SAN JUAN DE LURIGANCHO - 191017;Web HD;Cerrado;3
WO0000005674848;180;PORTA AFICHES;2024-10-07;09/10/2024;12-10-24;REPARAR;NACIONES UNIDAS - 191084;Web HD;Cerrado;3
WO0000005674870;96;ESTACIONAMIENTO SE ALIZACION;2024-10-07;18/10/2024;21-10-24;PINTAR;ZARATE - 191097;Web HD;Cerrado;3
WO0000005674875;237;TACHO;2024-10-07;;;REPARAR;VILLA SOL - 191059;Web HD;En Curso;3
WO0000005674881;188;PUERTA / MAMPARA;2024-10-07;14/10/2024;17-10-24;REPARAR;VILLA SOL - 191059;Web HD;Cerrado;3
WO0000005674897;240;TECHO /BALDOSAS;2024-10-07;14/10/2024;17-10-24;CAMBIAR;VILLA SOL - 191059;Web HD;Cerrado;3
WO0000005675212;251;TUBERIA DE AGUA;2024-10-07;15/10/2024;18-10-24;REPARAR;SAN JUAN DE LURIGANCHO - 191017;Web HD;Cerrado;3
WO0000005675217;111;GRIFERIA;2024-10-07;;;REVISAR;SAN JUAN DE LURIGANCHO - 191017;Web HD;En Curso;3
WO0000005675288;56;CONTADOR DE BILLETES;2024-10-07;15/10/2024;18-10-24;REPARAR;ANGELICA GAMARRA - 191057;Web HD;Cerrado;3
WO0000005675290;56;CONTADOR DE BILLETES;2024-10-07;14/10/2024;17-10-24;REPARAR;LA ENSENADA - 191149;Web HD;Cerrado;3
WO0000005675291;30;CABLEADO;2024-10-07;23/10/2024;26-10-24;ORDENAR;EL PROGRESO - 191037;Web HD;Cerrado;3
WO0000005675711;190;PUERTA / MAMPARA CERRADURA;2024-10-07;12/10/2024;15-10-24;DUPLICADO DE LLAVE;TOTTUS GUIPOR - 191147;Web HD;Cerrado;3
WO0000005675714;257;URINARIOS;2024-10-07;09/10/2024;12-10-24;REVISAR;TUSILAGOS - 191108;Web HD;Cerrado;3
WO0000005675718;240;TECHO /BALDOSAS;2024-10-07;21/10/2024;24-10-24;CAMBIAR;DEL AIRE - 193064;Web HD;Cerrado;3
WO0000005675720;123;INODOROS;2024-10-07;15/10/2024;18-10-24;REVISAR;DEL AIRE - 193064;Web HD;Cerrado;3
WO0000005675721;5;AIRE ACONDICIONADO;2024-10-07;09/10/2024;12-10-24;REPARAR;TUPAC AMARU - 191038;Web HD;Cerrado;3
WO0000005675724;108;FOCO FLOURESCENTES;2024-10-07;21/10/2024;24-10-24;REVISAR;DEL AIRE - 193064;Web HD;Cerrado;3
WO0000005675729;108;FOCO FLOURESCENTES;2024-10-07;12/10/2024;15-10-24;CAMBIAR;TUPAC AMARU - 191038;Web HD;Cerrado;3
WO0000005675731;30;CABLEADO;2024-10-07;;;REVISAR;DEL AIRE - 193064;Web HD;Rechazado;3
WO0000005675794;106;FOCO AHORRADOR;2024-10-07;14/10/2024;17-10-24;CAMBIAR;NICOLAS AYLLON - 191027;Web HD;Cerrado;3
WO0000005676100;111;GRIFERIA;2024-10-07;14/10/2024;17-10-24;REVISAR;NICOLAS AYLLON - 191027;Web HD;Cerrado;3
WO0000005676108;237;TACHO;2024-10-07;16/10/2024;19-10-24;REPARAR;COLLIQUE - 191065;Web HD;Cerrado;3
WO0000005676109;163;PARED;2024-10-07;;;RESANAR;NICOLAS AYLLON - 191027;Web HD;En Curso;3
WO0000005676112;123;INODOROS;2024-10-07;16/10/2024;19-10-24;REVISAR;NICOLAS AYLLON - 191027;Web HD;Cerrado;3
WO0000005676114;111;GRIFERIA;2024-10-07;16/10/2024;19-10-24;REVISAR;NICOLAS AYLLON - 191027;Web HD;Cerrado;3
WO0000005676152;56;CONTADOR DE BILLETES;2024-10-07;;;REPARAR;CHIMPU OCLLO - 191113;Web HD;En Curso;3
WO0000005677973;108;FOCO FLOURESCENTES;2024-10-08;15/10/2024;18-10-24;CAMBIAR;EDUARDO DE HABICH - 191023;Web HD;Cerrado;3
WO0000005677977;252;TUBERIA DE DESAGUE;2024-10-08;16/10/2024;19-10-24;REPARAR;EDUARDO DE HABICH - 191023;Web HD;Cerrado;3
WO0000005678211;69;DETECTOR DE BILLETES;2024-10-08;15/10/2024;18-10-24;REPARAR;EDUARDO DE HABICH - 191023;Web HD;Cerrado;3
WO0000005678238;74;DISPENSADOR DE JABON LIQUIDO;2024-10-08;10/10/2024;13-10-24;REPARAR;LOS ALISOS - 191080;Web HD;Cerrado;3
WO0000005678251;74;DISPENSADOR DE JABON LIQUIDO;2024-10-08;;;REPARAR;NARANJAL - 191141;Web HD;Rechazado;3
WO0000005678254;5;AIRE ACONDICIONADO;2024-10-08;22/10/2024;25-10-24;REPARAR;TUPAC AMARU - 191038;Web HD;Cerrado;3
WO0000005678264;231;STICKER;2024-10-08;;;REPONER;MEGA PLAZA 2 - 191040;Web HD;Rechazado;3
WO0000005678278;231;STICKER;2024-10-08;;;REPONER;MEGA PLAZA 2 - 191040;Web HD;Rechazado;3
WO0000005678518;181;PORTA FOLLETO;2024-10-08;13/10/2024;16-10-24;REPARAR;MEGA PLAZA - 191010;Web HD;Cerrado;3
WO0000005678546;32;CAJA BUZON;2024-10-08;08/10/2024;11-10-24;REPARAR;LA ENSENADA - 191149;Web HD;Cerrado;3
WO0000005678553;108;FOCO FLOURESCENTES;2024-10-08;08/10/2024;11-10-24;CAMBIAR;C.B. FIORI - 191088;Web HD;Cerrado;3
WO0000005678555;108;FOCO FLOURESCENTES;2024-10-08;08/10/2024;11-10-24;CAMBIAR;C.B. FIORI - 191088;Web HD;Cerrado;3
WO0000005678558;108;FOCO FLOURESCENTES;2024-10-08;;;CAMBIAR;C.B. FIORI - 191088;Web HD;Rechazado;3
WO0000005678565;107;FOCO DICROICOS;2024-10-08;08/10/2024;11-10-24;CAMBIAR;C.B. FIORI - 191088;Web HD;Cerrado;3
WO0000005678576;30;CABLEADO;2024-10-08;22/10/2024;25-10-24;REVISAR;INDEPENDENCIA (LIMA) - 191142;Web HD;Cerrado;3
WO0000005678583;64;CREDENZA;2024-10-08;13/10/2024;16-10-24;REPARAR;MEGA PLAZA 2 - 191040;Web HD;Cerrado;3
WO0000005679202;69;DETECTOR DE BILLETES;2024-10-08;15/10/2024;18-10-24;REPARAR;ANGELICA GAMARRA - 191057;Web HD;Cerrado;3
WO0000005679205;221;SILLAS;2024-10-08;22/10/2024;25-10-24;REPARAR;ANGELICA GAMARRA - 191057;Web HD;Cerrado;3
WO0000005679206;180;PORTA AFICHES;2024-10-08;10/10/2024;13-10-24;REPARAR;PRO - 191029;Web HD;Cerrado;3
WO0000005679256;221;SILLAS;2024-10-08;14/10/2024;17-10-24;REPARAR;ROSA TORO - 193022;Web HD;Cerrado;3
WO0000005679292;139;LONCHERA CERRADURA;2024-10-08;11/10/2024;14-10-24;DUPLICADO DE LLAVE;PLAZA UNION - 191062;Web HD;Cerrado;3
WO0000005679294;154;OFICINA;2024-10-08;16/10/2024;19-10-24;FUMIGAR;C.B. FIORI - 191088;Web HD;Cerrado;3
WO0000005679502;43;CAJONERA CERRADURA;2024-10-08;11/10/2024;14-10-24;APERTURAR;PLAZA UNION - 191062;Web HD;Cerrado;3
WO0000005679524;108;FOCO FLOURESCENTES;2024-10-08;12/10/2024;15-10-24;CAMBIAR;INDEPENDENCIA (LIMA) - 191142;Web HD;Cerrado;3
WO0000005679533;221;SILLAS;2024-10-08;;;LIMPIAR;SAN JUAN DE LURIGANCHO - 191017;Web HD;En Curso;3
WO0000005679538;43;CAJONERA CERRADURA;2024-10-08;13/10/2024;16-10-24;REEMPLAZAR;SAN JUAN DE LURIGANCHO - 191017;Web HD;Cerrado;3
WO0000005679555;240;TECHO /BALDOSAS;2024-10-08;13/10/2024;16-10-24;CAMBIAR;SAN JUAN DE LURIGANCHO - 191017;Web HD;Cerrado;3
WO0000005679944;231;STICKER;2024-10-08;14/10/2024;17-10-24;REPONER;NARANJAL - 191141;Web HD;Cerrado;3
WO0000005679953;5;AIRE ACONDICIONADO;2024-10-08;19/10/2024;22-10-24;REPARAR;EL PROGRESO - 191037;Web HD;Cerrado;3
WO0000005679957;253;TV;2024-10-08;16/10/2024;19-10-24;REPARAR;PERU - 191056;Web HD;Cerrado;2
WO0000005679993;253;TV;2024-10-08;;;REPARAR;ANTUNEZ DE MAYOLO - 191028;Web HD;Rechazado;2
WO0000005679997;108;FOCO FLOURESCENTES;2024-10-08;15/10/2024;18-10-24;CAMBIAR;ANTUNEZ DE MAYOLO - 191028;Web HD;Cerrado;3
WO0000005680317;240;TECHO /BALDOSAS;2024-10-08;15/10/2024;18-10-24;CAMBIAR;ANTUNEZ DE MAYOLO - 191028;Web HD;Cerrado;3
WO0000005680319;232;TABLERO ELECTRICO;2024-10-08;13/10/2024;16-10-24;REVISAR;EL SOL - 191082;Web HD;Cerrado;3
WO0000005680357;253;TV;2024-10-08;12/10/2024;15-10-24;REPARAR;MEGA PLAZA 2 - 191040;Web HD;Cerrado;2
WO0000005680627;65;CREDENZA CERRADURA;2024-10-08;12/10/2024;15-10-24;REEMPLAZAR;URB SAN FELIPE COMAS - 191053;Web HD;Cerrado;3
WO0000005681585;92;ESCRITORIO;2024-10-09;15/10/2024;18-10-24;REPARAR;PLAZA LIMA NORTE - 191058;Web HD;Cerrado;3
WO0000005681809;32;CAJA BUZON;2024-10-09;14/10/2024;17-10-24;APERTURAR;MEGA PLAZA - 191010;Web HD;Cerrado;3
WO0000005681836;55;CONTACTO MAGNETICO;2024-10-09;09/10/2024;12-10-24;REPARAR;EL AGUSTINO - 191041;Web HD;Cerrado;3
WO0000005681846;106;FOCO AHORRADOR;2024-10-09;14/10/2024;17-10-24;CAMBIAR;ROSA TORO - 193022;Web HD;Cerrado;3
WO0000005681855;240;TECHO /BALDOSAS;2024-10-09;14/10/2024;17-10-24;CAMBIAR;ROSA TORO - 193022;Web HD;Cerrado;3
WO0000005681871;117;IMANTADO;2024-10-09;;;CONFECCIONAR;ROSA TORO - 193022;Web HD;Rechazado;3
WO0000005681873;231;STICKER;2024-10-09;13/10/2024;16-10-24;REPONER;TOTTUS GUIPOR - 191147;Web HD;Cerrado;3
WO0000005681897;57;CONTADOR DE MONEDAS;2024-10-09;13/10/2024;16-10-24;REPARAR;IZAGUIRRE - 191154;Web HD;Cerrado;3
WO0000005682201;108;FOCO FLOURESCENTES;2024-10-09;13/10/2024;16-10-24;CAMBIAR;PROCERES - 191120;Web HD;Cerrado;3
WO0000005682214;163;PARED;2024-10-09;21/10/2024;24-10-24;PINTAR;PROCERES - 191120;Web HD;Cerrado;3
WO0000005682217;206;REFLECTOR / LAMPARAS;2024-10-09;09/10/2024;12-10-24;CAMBIAR;EL PROGRESO - 191037;Web HD;Cerrado;3
WO0000005682219;23;BUTACA;2024-10-09;12/10/2024;15-10-24;REPARAR;METRO AV. WIESSE - 191106;Web HD;Cerrado;3
WO0000005682233;262;VIDRIO;2024-10-09;;;REPARAR;PROCERES - 191120;Web HD;En Curso;3
WO0000005682267;232;TABLERO ELECTRICO;2024-10-09;12/10/2024;15-10-24;REVISAR;TOTTUS GUIPOR - 191147;Web HD;Cerrado;3
WO0000005682273;22;BOVEDA;2024-10-09;09/10/2024;12-10-24;APERTURAR;EL PROGRESO - 191037;Web HD;Cerrado;3
WO0000005682710;32;CAJA BUZON;2024-10-09;11/10/2024;14-10-24;REPARAR;METRO AV. WIESSE - 191106;Web HD;Cerrado;3
WO0000005682742;108;FOCO FLOURESCENTES;2024-10-09;13/10/2024;16-10-24;CAMBIAR;ZARATE - 191097;Web HD;Cerrado;3
WO0000005682753;56;CONTADOR DE BILLETES;2024-10-09;14/10/2024;17-10-24;REPARAR;ZARATE - 191097;Web HD;Cerrado;3
WO0000005682765;56;CONTADOR DE BILLETES;2024-10-09;12/10/2024;15-10-24;REPARAR;PLAZA UNION - 191062;Web HD;Cerrado;3
WO0000005682768;5;AIRE ACONDICIONADO;2024-10-09;28/10/2024;28-10-24;REPARAR;NAYLAMP - 191143;Web HD;Terminado;3
WO0000005683108;108;FOCO FLOURESCENTES;2024-10-09;;;CAMBIAR;PLAZA LIMA NORTE - 191058;Web HD;En Curso;3
WO0000005683114;122;INODORO TANQUE DE AGUA;2024-10-09;15/10/2024;18-10-24;REVISAR;PLAZA LIMA NORTE - 191058;Web HD;Cerrado;3
WO0000005683138;108;FOCO FLOURESCENTES;2024-10-09;12/10/2024;15-10-24;CAMBIAR;TOTTUS GUIPOR - 191147;Web HD;Cerrado;3
WO0000005683139;251;TUBERIA DE AGUA;2024-10-09;12/10/2024;15-10-24;REPARAR;PRO - 191029;Web HD;Cerrado;3
WO0000005683145;130;LAVATORIO;2024-10-09;09/10/2024;12-10-24;REPARAR;COLLIQUE - 191065;Web HD;Cerrado;3
WO0000005683169;5;AIRE ACONDICIONADO;2024-10-09;;;REPARAR;PUENTE PIEDRA - 191035;Web HD;Rechazado;3
WO0000005683171;190;PUERTA / MAMPARA CERRADURA;2024-10-09;;;APERTURAR;PUENTE PIEDRA - 191035;Web HD;En Curso;3
WO0000005683528;215;SENSOR DE MAMPARA;2024-10-09;12/10/2024;15-10-24;REPARAR;CHIMPU OCLLO - 191113;Web HD;Cerrado;3
WO0000005683860;190;PUERTA / MAMPARA CERRADURA;2024-10-09;12/10/2024;15-10-24;APERTURAR;TUPAC AMARU - 191038;Web HD;Cerrado;3
WO0000005683861;171;PISOS;2024-10-09;21/10/2024;24-10-24;LIMPIAR;COLLIQUE - 191065;Web HD;Cerrado;3
WO0000005683865;180;PORTA AFICHES;2024-10-09;20/10/2024;23-10-24;REPARAR;COLLIQUE - 191065;Web HD;Cerrado;3
WO0000005683866;6;ALFOMBRAS;2024-10-09;;;REPARAR;COLLIQUE - 191065;Web HD;En Curso;3
WO0000005683873;144;MESAS;2024-10-09;;;REPARAR;COLLIQUE - 191065;Web HD;En Curso;3
WO0000005683878;21;BOMBAS DE AGUA;2024-10-09;;;REVISAR;COLLIQUE - 191065;Web HD;En Curso;3
WO0000005683891;56;CONTADOR DE BILLETES;2024-10-09;;;REPARAR;BELAUNDE - 191018;Web HD;Rechazado;3
WO0000005683897;107;FOCO DICROICOS;2024-10-09;16/10/2024;19-10-24;CAMBIAR;PLAZA CIVICA VENTANILLA - 192026;Web HD;Cerrado;3
WO0000005683898;206;REFLECTOR / LAMPARAS;2024-10-09;16/10/2024;19-10-24;CAMBIAR;PLAZA CIVICA VENTANILLA - 192026;Web HD;Cerrado;3
WO0000005684315;160;PANEL DE ALARMAS;2024-10-09;13/10/2024;16-10-24;REPARAR;VILLA SOL - 191059;Web HD;Cerrado;3
WO0000005684326;89;ESCALERA CINTA ANTIDESLIZANTE;2024-10-09;;;REPONER;NICOLAS AYLLON - 191027;Web HD;Rechazado;3
WO0000005684346;117;IMANTADO;2024-10-09;16/10/2024;19-10-24;CONFECCIONAR;PLAZA LIMA NORTE - 191058;Web HD;Cerrado;3
WO0000005684352;56;CONTADOR DE BILLETES;2024-10-09;12/10/2024;15-10-24;REPARAR;BELAUNDE - 191018;Web HD;Cerrado;3
WO0000005684973;111;GRIFERIA;2024-10-10;12/10/2024;15-10-24;REVISAR;TOTTUS GUIPOR - 191147;Web HD;Cerrado;3
WO0000005684975;111;GRIFERIA;2024-10-10;12/10/2024;15-10-24;REVISAR;TOTTUS GUIPOR - 191147;Web HD;Cerrado;3
WO0000005684979;172;PISOS PORCELANATO;2024-10-10;;;RESANAR;TOTTUS GUIPOR - 191147;Web HD;En Curso;3
WO0000005684981;240;TECHO /BALDOSAS;2024-10-10;12/10/2024;15-10-24;CAMBIAR;TOTTUS GUIPOR - 191147;Web HD;Cerrado;3
WO0000005684982;65;CREDENZA CERRADURA;2024-10-10;12/10/2024;15-10-24;REEMPLAZAR;TOTTUS GUIPOR - 191147;Web HD;Cerrado;3
WO0000005684984;139;LONCHERA CERRADURA;2024-10-10;14/10/2024;17-10-24;REEMPLAZAR;TOTTUS GUIPOR - 191147;Web HD;Cerrado;3
WO0000005684985;92;ESCRITORIO;2024-10-10;12/10/2024;15-10-24;REPARAR;TOTTUS GUIPOR - 191147;Web HD;Cerrado;3
WO0000005684986;23;BUTACA;2024-10-10;12/10/2024;15-10-24;REPARAR;TOTTUS GUIPOR - 191147;Web HD;Cerrado;3
WO0000005684987;61;CORTINAS/PERSIANAS/ROLLERS;2024-10-10;12/10/2024;15-10-24;LIMPIAR;TOTTUS GUIPOR - 191147;Web HD;Cerrado;3
WO0000005685319;41;CAJONERA;2024-10-10;;;REPARAR;COLLIQUE - 191065;Web HD;Rechazado;3
WO0000005686057;170;PIR ANTEBOVEDA;2024-10-12;12/10/2024;15-10-24;REPARAR;ZARATE - 191097;Web HD;Cerrado;3
WO0000005686058;170;PIR ANTEBOVEDA;2024-10-12;13/10/2024;16-10-24;REPARAR;CANTO GRANDE - 191096;Web HD;Cerrado;3
WO0000005686490;154;OFICINA;2024-10-12;16/10/2024;19-10-24;FUMIGAR;ZARATE - 191097;Web HD;Cerrado;3
WO0000005686919;251;TUBERIA DE AGUA;2024-10-12;12/10/2024;15-10-24;REPARAR;UNIPLAZA - 191019;Web HD;Cerrado;3
WO0000005686921;192;PUERTA/MAMPARA BRAZO HIDRAULICO;2024-10-12;12/10/2024;15-10-24;REPARAR;UNIPLAZA - 191019;Web HD;Cerrado;3
WO0000005686958;57;CONTADOR DE MONEDAS;2024-10-12;15/10/2024;18-10-24;REPARAR;EL PROGRESO - 191037;Web HD;Cerrado;3
WO0000005686990;237;TACHO;2024-10-12;15/10/2024;18-10-24;REPARAR;LOS ALISOS - 191080;Web HD;Cerrado;3
WO0000005687335;108;FOCO FLOURESCENTES;2024-10-12;12/10/2024;15-10-24;CAMBIAR;UNIPLAZA - 191019;Web HD;Cerrado;3
WO0000005687342;41;CAJONERA;2024-10-12;19/10/2024;22-10-24;REPARAR;PRO - 191029;Web HD;Cerrado;3
WO0000005688142;5;AIRE ACONDICIONADO;2024-10-12;15/10/2024;18-10-24;REPARAR;URB SAN FELIPE COMAS - 191053;Web HD;Cerrado;3
WO0000005688150;108;FOCO FLOURESCENTES;2024-10-12;16/10/2024;19-10-24;REVISAR;URB SAN FELIPE COMAS - 191053;Web HD;Cerrado;3
WO0000005688152;111;GRIFERIA;2024-10-12;;;REVISAR;URB SAN FELIPE COMAS - 191053;Web HD;En Curso;3
WO0000005688168;5;AIRE ACONDICIONADO;2024-10-12;17/10/2024;20-10-24;REPARAR;TOPY TOP - 191049;Web HD;Cerrado;3
WO0000005688521;190;PUERTA / MAMPARA CERRADURA;2024-10-12;;;REEMPLAZAR;URB SAN FELIPE COMAS - 191053;Web HD;En Curso;3
WO0000005688525;241;TECHO /BALDOSAS FILTRACION;2024-10-12;16/10/2024;19-10-24;CAMBIAR;URB SAN FELIPE COMAS - 191053;Web HD;Cerrado;3
WO0000005688542;5;AIRE ACONDICIONADO;2024-10-12;;;REPARAR;TOTTUS GUIPOR - 191147;Web HD;En Curso;3
WO0000005688563;56;CONTADOR DE BILLETES;2024-10-12;21/10/2024;24-10-24;REPARAR;SAN MARTIN DE PORRES - 191021;Web HD;Cerrado;3
WO0000005688564;69;DETECTOR DE BILLETES;2024-10-12;21/10/2024;24-10-24;REPARAR;DEL AIRE - 193064;Web HD;Cerrado;3
WO0000005688566;56;CONTADOR DE BILLETES;2024-10-12;21/10/2024;24-10-24;REPARAR;SAN MARTIN DE PORRES - 191021;Web HD;Cerrado;3
WO0000005688573;199;PUNTO / CABLE DE RED;2024-10-12;22/10/2024;25-10-24;REVISAR;EL SOL - 191082;Web HD;Cerrado;3
WO0000005688575;65;CREDENZA CERRADURA;2024-10-12;17/10/2024;20-10-24;REEMPLAZAR;SAN MARTIN DE PORRES - 191021;Web HD;Cerrado;3
WO0000005689017;34;CAJA FUERTE;2024-10-12;26/10/2024;29-10-24;REPARAR;MEGA PLAZA - 191010;Web HD;Cerrado;3
WO0000005689036;237;TACHO;2024-10-12;15/10/2024;18-10-24;REPARAR;MEGA PLAZA - 191010;Web HD;Cerrado;3
WO0000005689084;111;GRIFERIA;2024-10-12;18/10/2024;21-10-24;REVISAR;PLAZA CIVICA VENTANILLA - 192026;Web HD;Cerrado;3
WO0000005690557;190;PUERTA / MAMPARA CERRADURA;2024-10-13;18/10/2024;21-10-24;REEMPLAZAR;MERCADO DE FRUTAS - 191064;Web HD;Cerrado;3
WO0000005690997;5;AIRE ACONDICIONADO;2024-10-13;14/10/2024;17-10-24;REPARAR;NARANJAL - 191141;Web HD;Cerrado;3
WO0000005691308;215;SENSOR DE MAMPARA;2024-10-13;13/10/2024;16-10-24;REPARAR;EL PINO - 191087;Web HD;Cerrado;3
WO0000005691319;227;SISTEMA DE VIDEO;2024-10-13;13/10/2024;16-10-24;REPARACION;TUPAC AMARU - 191038;Web HD;Cerrado;2
WO0000005691512;5;AIRE ACONDICIONADO;2024-10-13;21/10/2024;24-10-24;REPARAR;EL PINO - 191087;Web HD;Cerrado;3
WO0000005691548;160;PANEL DE ALARMAS;2024-10-13;19/10/2024;22-10-24;REPARAR;ZARATE - 191097;Web HD;Cerrado;3
WO0000005691554;192;PUERTA/MAMPARA BRAZO HIDRAULICO;2024-10-13;20/10/2024;23-10-24;REPARAR;SAN JUAN DE LURIGANCHO - 191017;Web HD;Cerrado;3
WO0000005691579;227;SISTEMA DE VIDEO;2024-10-13;15/10/2024;18-10-24;REPARACION;PLAZA LIMA NORTE - 191058;Web HD;Cerrado;2
WO0000005691911;215;SENSOR DE MAMPARA;2024-10-13;14/10/2024;17-10-24;REPARAR;PRO - 191029;Web HD;Cerrado;3
WO0000005691930;57;CONTADOR DE MONEDAS;2024-10-13;15/10/2024;18-10-24;REPARAR;SAN JUAN DE LURIGANCHO - 191017;Web HD;Cerrado;3
WO0000005691952;5;AIRE ACONDICIONADO;2024-10-13;27/10/2024;30-10-24;REPARAR;METRO AV. WIESSE - 191106;Web HD;Cerrado;3
WO0000005692416;107;FOCO DICROICOS;2024-10-13;20/10/2024;23-10-24;REVISAR;METRO AV. WIESSE - 191106;Web HD;Cerrado;3
WO0000005692418;108;FOCO FLOURESCENTES;2024-10-13;;;CAMBIAR;METRO AV. WIESSE - 191106;Web HD;En Curso;3
WO0000005692419;155;ORDENADORES DE COLA;2024-10-13;20/10/2024;23-10-24;REPARAR;METRO AV. WIESSE - 191106;Web HD;Cerrado;3
WO0000005692441;56;CONTADOR DE BILLETES;2024-10-13;15/10/2024;18-10-24;REPARAR;EL PROGRESO - 191037;Web HD;Cerrado;3
WO0000005692448;69;DETECTOR DE BILLETES;2024-10-13;15/10/2024;18-10-24;REPARAR;NARANJAL - 191141;Web HD;Cerrado;3
WO0000005693137;251;TUBERIA DE AGUA;2024-10-13;;;REPARAR;PLAZA CIVICA VENTANILLA - 192026;Web HD;Rechazado;3
WO0000005693139;111;GRIFERIA;2024-10-13;;;REVISAR;PLAZA CIVICA VENTANILLA - 192026;Web HD;Rechazado;3
WO0000005693172;57;CONTADOR DE MONEDAS;2024-10-13;21/10/2024;24-10-24;REPARAR;PLAZA CIVICA VENTANILLA - 192026;Web HD;Cerrado;3
WO0000005693510;32;CAJA BUZON;2024-10-13;19/10/2024;22-10-24;REPROGRAMAR;EL PINO - 191087;Web HD;Cerrado;3
WO0000005694216;30;CABLEADO;2024-10-14;;;ORDENAR;LAS LOMAS - 191055;Web HD;Rechazado;3
WO0000005694220;32;CAJA BUZON;2024-10-14;;;REPROGRAMAR;NARANJAL - 191141;Web HD;Rechazado;3
WO0000005694243;219;SEPARADORES;2024-10-14;20/10/2024;23-10-24;REPARAR;NAYLAMP - 191143;Web HD;Cerrado;3
WO0000005694251;30;CABLEADO;2024-10-14;;;REVISAR;LA PAMPILLA - 192012;Web HD;En Curso;3
WO0000005694259;30;CABLEADO;2024-10-14;16/10/2024;19-10-24;ORDENAR;LA PAMPILLA - 192012;Web HD;Cerrado;3
WO0000005694512;190;PUERTA / MAMPARA CERRADURA;2024-10-14;23/10/2024;26-10-24;APERTURAR;PUENTE PIEDRA - 191035;Web HD;Cerrado;3
WO0000005694513;154;OFICINA;2024-10-14;;;FUMIGAR;MERCADO DE FRUTAS - 191064;Web HD;En Curso;3
WO0000005694514;100;EXTINTOR ANCLAJE;2024-10-14;16/10/2024;19-10-24;REPARAR;UNIPLAZA - 191019;Web HD;Cerrado;3
WO0000005694897;251;TUBERIA DE AGUA;2024-10-14;16/10/2024;19-10-24;REPARAR;LA ENSENADA - 191149;Web HD;Cerrado;3
WO0000005695079;57;CONTADOR DE MONEDAS;2024-10-14;21/10/2024;24-10-24;REPARAR;PLAZA LIMA NORTE - 191058;Web HD;Cerrado;3
WO0000005695084;59;CORTE DE ENERGIA;2024-10-14;18/10/2024;21-10-24;REVISAR;INDEPENDENCIA (LIMA) - 191142;Web HD;Cerrado;3
WO0000005695093;5;AIRE ACONDICIONADO;2024-10-14;16/10/2024;19-10-24;REGULAR;UNIPLAZA - 191019;Web HD;Cerrado;3
WO0000005695402;215;SENSOR DE MAMPARA;2024-10-14;15/10/2024;18-10-24;REPARAR;CANTO GRANDE - 191096;Web HD;Cerrado;3
WO0000005695414;154;OFICINA;2024-10-14;26/10/2024;29-10-24;FUMIGAR;TUSILAGOS - 191108;Web HD;Cerrado;3
WO0000005695419;5;AIRE ACONDICIONADO;2024-10-14;15/10/2024;18-10-24;REGULAR;PLAZA LIMA NORTE - 191058;Web HD;Cerrado;3
WO0000005695464;64;CREDENZA;2024-10-14;17/10/2024;20-10-24;REPARAR;PERU - 191056;Web HD;Cerrado;3
WO0000005695478;218;SE ALETICA INTERNA;2024-10-14;19/10/2024;22-10-24;REPONER;SANTA LUZMILA - 191063;Web HD;Cerrado;3
WO0000005695835;185;PRE INDECI;2024-10-14;;;REALIZAR - PRE REGULATORIO;TOTTUS GUIPOR - 191147;Web HD;En Curso;3
WO0000005695839;62;CORTO CIRCUITO;2024-10-14;15/10/2024;18-10-24;REVISAR;LOS ALISOS - 191080;Web HD;Cerrado;3
WO0000005695844;74;DISPENSADOR DE JABON LIQUIDO;2024-10-14;22/10/2024;25-10-24;REPARAR;LOS ALISOS - 191080;Web HD;Cerrado;3
WO0000005695864;190;PUERTA / MAMPARA CERRADURA;2024-10-14;19/10/2024;22-10-24;REEMPLAZAR;CANTO GRANDE - 191096;Web HD;Cerrado;3
WO0000005696406;69;DETECTOR DE BILLETES;2024-10-14;17/10/2024;20-10-24;REPARAR;TARAPACA - 191030;Web HD;Cerrado;3
WO0000005696409;43;CAJONERA CERRADURA;2024-10-14;;;DUPLICADO DE LLAVE;TARAPACA - 191030;Web HD;En Curso;3
WO0000005696481;160;PANEL DE ALARMAS;2024-10-14;15/10/2024;18-10-24;REPARAR;QUILCA - 191160;Web HD;Cerrado;3
WO0000005697215;199;PUNTO / CABLE DE RED;2024-10-14;;;REVISAR;PRO - 191029;Web HD;En Curso;3
WO0000005698357;191;PUERTA/MAMPARA BISAGRA;2024-10-15;;;REPARAR;NAYLAMP - 191143;Web HD;En Curso;3
WO0000005698366;57;CONTADOR DE MONEDAS;2024-10-15;15/10/2024;18-10-24;REPARAR;MEGA PLAZA - 191010;Web HD;Cerrado;3
WO0000005698704;69;DETECTOR DE BILLETES;2024-10-15;;;REPARAR;DEL AIRE - 193064;Web HD;Rechazado;3
WO0000005698709;241;TECHO /BALDOSAS FILTRACION;2024-10-15;;;CAMBIAR;VILLA SOL - 191059;Web HD;En Curso;3
WO0000005698741;56;CONTADOR DE BILLETES;2024-10-15;21/10/2024;24-10-24;REPARAR;PLAZA CIVICA VENTANILLA - 192026;Web HD;Cerrado;3
WO0000005698753;154;OFICINA;2024-10-15;20/10/2024;23-10-24;FUMIGAR;URB SAN FELIPE COMAS - 191053;Web HD;Cerrado;3
WO0000005698760;89;ESCALERA CINTA ANTIDESLIZANTE;2024-10-15;;;REPONER;URB SAN FELIPE COMAS - 191053;Web HD;En Curso;3
WO0000005698790;32;CAJA BUZON;2024-10-15;20/10/2024;23-10-24;REPARAR;MENDIOLA - 191078;Web HD;Cerrado;3
WO0000005699018;56;CONTADOR DE BILLETES;2024-10-15;;;REPARAR;EL SOL - 191082;Web HD;Rechazado;3
WO0000005699019;65;CREDENZA CERRADURA;2024-10-15;17/10/2024;20-10-24;REEMPLAZAR;PERU - 191056;Web HD;Cerrado;3
WO0000005699021;108;FOCO FLOURESCENTES;2024-10-15;;;CAMBIAR;LA ENSENADA - 191149;Web HD;En Curso;3
WO0000005699024;43;CAJONERA CERRADURA;2024-10-15;19/10/2024;22-10-24;REEMPLAZAR;LA ENSENADA - 191149;Web HD;Cerrado;3
WO0000005699030;43;CAJONERA CERRADURA;2024-10-15;15/10/2024;18-10-24;REEMPLAZAR;C.C. MULTIPLAZA - 191077;Web HD;Cerrado;3
WO0000005699039;206;REFLECTOR / LAMPARAS;2024-10-15;19/10/2024;22-10-24;CAMBIAR;LA ENSENADA - 191149;Web HD;Cerrado;3
WO0000005699223;56;CONTADOR DE BILLETES;2024-10-15;16/10/2024;19-10-24;REPARAR;MENDIOLA - 191078;Web HD;Cerrado;3
WO0000005699225;108;FOCO FLOURESCENTES;2024-10-15;15/10/2024;18-10-24;CAMBIAR;EDUARDO DE HABICH - 191023;Web HD;Cerrado;3
WO0000005699228;56;CONTADOR DE BILLETES;2024-10-15;16/10/2024;19-10-24;REPARAR;MENDIOLA - 191078;Web HD;Cerrado;3
WO0000005699235;190;PUERTA / MAMPARA CERRADURA;2024-10-15;16/10/2024;19-10-24;APERTURAR;BELAUNDE - 191018;Web HD;Cerrado;3
WO0000005699299;45;CAMARA IP;2024-10-15;15/10/2024;18-10-24;MOVER;PRO - 191029;Web HD;Cerrado;3
WO0000005699648;56;CONTADOR DE BILLETES;2024-10-15;21/10/2024;24-10-24;REPARAR;MERCADO DE FRUTAS - 191064;Web HD;Cerrado;3
WO0000005699941;43;CAJONERA CERRADURA;2024-10-15;;;REEMPLAZAR;PLAZA LIMA NORTE - 191058;Web HD;En Curso;3
WO0000005699962;146;MODULOS;2024-10-15;22/10/2024;25-10-24;REPARAR;MEGA PLAZA 2 - 191040;Web HD;Cerrado;3
WO0000005699973;107;FOCO DICROICOS;2024-10-15;28/10/2024;28-10-24;CAMBIAR;QUILCA - 191160;Web HD;Terminado;3
WO0000005700211;108;FOCO FLOURESCENTES;2024-10-15;19/10/2024;22-10-24;CAMBIAR;BELAUNDE - 191018;Web HD;Cerrado;3
WO0000005700215;239;TANQUES ELEVADOS CISTERNAS Y POZOS;2024-10-15;21/10/2024;24-10-24;REPARAR;PUENTE PIEDRA - 191035;Web HD;Cerrado;3
WO0000005700217;113;GRUPO ELECTROGENO;2024-10-15;21/10/2024;24-10-24;REGARGAR COMBUSTIBLE;INDEPENDENCIA (LIMA) - 191142;Web HD;Cerrado;3
WO0000005700222;154;OFICINA;2024-10-15;26/10/2024;29-10-24;FUMIGAR;ANGELICA GAMARRA - 191057;Web HD;Cerrado;3
WO0000005700228;5;AIRE ACONDICIONADO;2024-10-15;16/10/2024;19-10-24;REPARAR;BELAUNDE - 191018;Web HD;Cerrado;3
WO0000005700231;108;FOCO FLOURESCENTES;2024-10-15;16/10/2024;19-10-24;CAMBIAR;LA PAMPILLA - 192012;Web HD;Cerrado;3
WO0000005700243;130;LAVATORIO;2024-10-15;15/10/2024;18-10-24;REPARAR;MEGA PLAZA 2 - 191040;Web HD;Cerrado;3
WO0000005700248;108;FOCO FLOURESCENTES;2024-10-15;15/10/2024;18-10-24;CAMBIAR;LOS ALISOS - 191080;Web HD;Cerrado;3
WO0000005700250;249;TOMACORRIENTES;2024-10-15;15/10/2024;18-10-24;REVISAR;NAYLAMP - 191143;Web HD;Cerrado;3
WO0000005700266;128;LAMPARA DE EMERGENCIA;2024-10-15;22/10/2024;25-10-24;REPARAR;IZAGUIRRE - 191154;Web HD;Cerrado;3
WO0000005700272;5;AIRE ACONDICIONADO;2024-10-15;22/10/2024;25-10-24;REPARAR;IZAGUIRRE - 191154;Web HD;Cerrado;3
WO0000005700279;231;STICKER;2024-10-15;20/10/2024;23-10-24;REPONER;PLAZA CIVICA VENTANILLA - 192026;Web HD;Cerrado;3
WO0000005700284;262;VIDRIO;2024-10-15;;;LIMPIAR;PLAZA CIVICA VENTANILLA - 192026;Web HD;En Curso;3
WO0000005700743;52;COCINA EQUIPOS;2024-10-15;;;REPARAR;LOS ALISOS - 191080;Web HD;Rechazado;3
WO0000005700762;57;CONTADOR DE MONEDAS;2024-10-15;23/10/2024;26-10-24;REPARAR;MEGA PLAZA 2 - 191040;Web HD;Cerrado;3
WO0000005701104;232;TABLERO ELECTRICO;2024-10-15;16/10/2024;19-10-24;REVISAR;PUENTE PIEDRA - 191035;Web HD;Cerrado;3
WO0000005701106;107;FOCO DICROICOS;2024-10-15;;;CAMBIAR;ANGELICA GAMARRA - 191057;Web HD;En Curso;3
WO0000005701116;56;CONTADOR DE BILLETES;2024-10-15;;;REPARAR;EL AGUSTINO - 191041;Web HD;Rechazado;3
WO0000005701117;56;CONTADOR DE BILLETES;2024-10-15;;;REPARAR;EL AGUSTINO - 191041;Web HD;Rechazado;3
WO0000005701118;56;CONTADOR DE BILLETES;2024-10-15;;;REPARAR;EL AGUSTINO - 191041;Web HD;Rechazado;3
WO0000005701771;227;SISTEMA DE VIDEO;2024-10-16;23/10/2024;26-10-24;REPARACION;TOTTUS GUIPOR - 191147;Web HD;Cerrado;2
WO0000005702123;117;IMANTADO;2024-10-16;;;CONFECCIONAR;METRO AV. WIESSE - 191106;Web HD;Rechazado;3
WO0000005702125;221;SILLAS;2024-10-16;;;REPARAR;METRO AV. WIESSE - 191106;Web HD;En Curso;3
WO0000005702140;240;TECHO /BALDOSAS;2024-10-16;27/10/2024;30-10-24;CAMBIAR;MENDIOLA - 191078;Web HD;Cerrado;3
WO0000005702181;191;PUERTA/MAMPARA BISAGRA;2024-10-16;;;REPARAR;CAQUETA - 191091;Web HD;En Curso;3
WO0000005702507;56;CONTADOR DE BILLETES;2024-10-16;;;REPARAR;UNIPLAZA - 191019;Web HD;En Curso;3
WO0000005702859;190;PUERTA / MAMPARA CERRADURA;2024-10-16;;;REEMPLAZAR;PLAZA CIVICA VENTANILLA - 192026;Web HD;En Curso;3
WO0000005703034;41;CAJONERA;2024-10-16;23/10/2024;26-10-24;REPARAR;PLAZA CIVICA VENTANILLA - 192026;Web HD;Cerrado;3
WO0000005703075;264;VINIL;2024-10-16;26/10/2024;29-10-24;REPONER;NARANJAL - 191141;Web HD;Cerrado;3
WO0000005703465;59;CORTE DE ENERGIA;2024-10-16;26/10/2024;29-10-24;REVISAR;INDEPENDENCIA (LIMA) - 191142;Web HD;Cerrado;3
WO0000005703477;5;AIRE ACONDICIONADO;2024-10-16;21/10/2024;24-10-24;REPARAR;INDEPENDENCIA (LIMA) - 191142;Web HD;Cerrado;3
WO0000005703488;56;CONTADOR DE BILLETES;2024-10-16;20/10/2024;23-10-24;REPARAR;EDUARDO DE HABICH - 191023;Web HD;Cerrado;3
WO0000005703737;108;FOCO FLOURESCENTES;2024-10-16;22/10/2024;25-10-24;REVISAR;INDEPENDENCIA (LIMA) - 191142;Web HD;Cerrado;3
WO0000005703740;218;SE ALETICA INTERNA;2024-10-16;;;REPONER;INDEPENDENCIA (LIMA) - 191142;Web HD;En Curso;3
WO0000005703766;231;STICKER;2024-10-16;20/10/2024;23-10-24;REPONER;PLAZA CIVICA VENTANILLA - 192026;Web HD;Cerrado;3
WO0000005703773;6;ALFOMBRAS;2024-10-16;20/10/2024;23-10-24;REPARAR;PLAZA CIVICA VENTANILLA - 192026;Web HD;Cerrado;3
WO0000005704615;5;AIRE ACONDICIONADO;2024-10-16;20/10/2024;23-10-24;REPARAR;PROCERES - 191120;Web HD;Cerrado;3
WO0000005704625;185;PRE INDECI;2024-10-16;;;REALIZAR - PRE REGULATORIO;IZAGUIRRE - 191154;Web HD;En Curso;3
WO0000005706283;218;SE ALETICA INTERNA;2024-10-19;;;REPONER;PLAZA CIVICA VENTANILLA - 192026;Web HD;Rechazado;3
WO0000005706289;130;LAVATORIO;2024-10-19;;;REPARAR;PLAZA CIVICA VENTANILLA - 192026;Web HD;En Curso;3
WO0000005706826;34;CAJA FUERTE;2024-10-19;;;REPARAR;TUPAC AMARU - 191038;Web HD;Rechazado;3
WO0000005706841;171;PISOS;2024-10-19;;;RESANAR;PLAZA CIVICA VENTANILLA - 192026;Web HD;En Curso;3
WO0000005706857;6;ALFOMBRAS;2024-10-19;;;REPARAR;TOTTUS GUIPOR - 191147;Web HD;En Curso;3
WO0000005706862;253;TV;2024-10-19;20/10/2024;23-10-24;REPARAR;TOTTUS GUIPOR - 191147;Web HD;Cerrado;2
WO0000005706865;240;TECHO /BALDOSAS;2024-10-19;26/10/2024;29-10-24;CAMBIAR;TOTTUS GUIPOR - 191147;Web HD;Cerrado;3
WO0000005706870;65;CREDENZA CERRADURA;2024-10-19;24/10/2024;27-10-24;REEMPLAZAR;NACIONES UNIDAS - 191084;Web HD;Cerrado;3
WO0000005706871;96;ESTACIONAMIENTO SE ALIZACION;2024-10-19;;;PINTAR;PLAZA CIVICA VENTANILLA - 192026;Web HD;En Curso;3
WO0000005706874;171;PISOS;2024-10-19;23/10/2024;26-10-24;RESANAR;PLAZA CIVICA VENTANILLA - 192026;Web HD;Cerrado;3
WO0000005706884;123;INODOROS;2024-10-19;23/10/2024;26-10-24;REVISAR;PLAZA CIVICA VENTANILLA - 192026;Web HD;Cerrado;3
WO0000005707108;71;DETECTOR DE HUMO;2024-10-19;21/10/2024;24-10-24;REPARAR;EL AGUSTINO - 191041;Web HD;Cerrado;3
WO0000005707109;41;CAJONERA;2024-10-19;22/10/2024;25-10-24;REPARAR;MENDIOLA - 191078;Web HD;Cerrado;3
WO0000005707167;190;PUERTA / MAMPARA CERRADURA;2024-10-19;23/10/2024;26-10-24;REEMPLAZAR;SANTO DOMINGO - 191036;Web HD;Cerrado;3
WO0000005707521;32;CAJA BUZON;2024-10-19;21/10/2024;24-10-24;REPROGRAMAR;SAN MARTIN DE PORRES - 191021;Web HD;Cerrado;3
WO0000005707584;34;CAJA FUERTE;2024-10-19;;;REPARAR;NACIONES UNIDAS - 191084;Web HD;En Curso;3
WO0000005707586;65;CREDENZA CERRADURA;2024-10-19;24/10/2024;27-10-24;REEMPLAZAR;NACIONES UNIDAS - 191084;Web HD;Cerrado;3
WO0000005707934;257;URINARIOS;2024-10-19;;;REVISAR;UNIPLAZA - 191019;Web HD;En Curso;3
WO0000005707947;43;CAJONERA CERRADURA;2024-10-19;;;REEMPLAZAR;UNIPLAZA - 191019;Web HD;En Curso;3
WO0000005707976;108;FOCO FLOURESCENTES;2024-10-19;26/10/2024;29-10-24;CAMBIAR;VILLA SOL - 191059;Web HD;Cerrado;3
WO0000005707978;108;FOCO FLOURESCENTES;2024-10-19;26/10/2024;29-10-24;CAMBIAR;VILLA SOL - 191059;Web HD;Cerrado;3
WO0000005707981;6;ALFOMBRAS;2024-10-19;;;REPARAR;VILLA SOL - 191059;Web HD;En Curso;3
WO0000005707989;43;CAJONERA CERRADURA;2024-10-19;;;REEMPLAZAR;SANTO DOMINGO - 191036;Web HD;En Curso;3
WO0000005708110;89;ESCALERA CINTA ANTIDESLIZANTE;2024-10-19;;;REPONER;UNIPLAZA - 191019;Web HD;En Curso;3
WO0000005708114;56;CONTADOR DE BILLETES;2024-10-19;;;REPARAR;SANTO DOMINGO - 191036;Web HD;Rechazado;3
WO0000005708138;197;PULSADOR DE ASALTO;2024-10-19;21/10/2024;24-10-24;REPARAR;TARAPACA - 191030;Web HD;Cerrado;3
WO0000005708184;29;CABLE VGA;2024-10-19;22/10/2024;25-10-24;REEMPLAZAR;ANGELICA GAMARRA - 191057;Web HD;Cerrado;2
WO0000005709075;64;CREDENZA;2024-10-19;;;REPARAR;PRO - 191029;Web HD;Rechazado;3
WO0000005709086;5;AIRE ACONDICIONADO;2024-10-19;21/10/2024;24-10-24;REPARAR;PERU - 191056;Web HD;Cerrado;3
WO0000005709512;43;CAJONERA CERRADURA;2024-10-19;26/10/2024;29-10-24;REEMPLAZAR;PERU - 191056;Web HD;Cerrado;3
WO0000005709514;190;PUERTA / MAMPARA CERRADURA;2024-10-19;26/10/2024;29-10-24;REEMPLAZAR;PERU - 191056;Web HD;Cerrado;3
WO0000005709515;32;CAJA BUZON;2024-10-19;;;APERTURAR;PERU - 191056;Web HD;En Curso;3
WO0000005709554;218;SE ALETICA INTERNA;2024-10-19;;;REPONER;LAS LOMAS - 191055;Web HD;En Curso;3
WO0000005709565;56;CONTADOR DE BILLETES;2024-10-19;23/10/2024;26-10-24;REPARAR;URB SAN FELIPE COMAS - 191053;Web HD;Cerrado;3
WO0000005709571;5;AIRE ACONDICIONADO;2024-10-19;;;REPARAR;MEGA PLAZA - 191010;Web HD;En Curso;3
WO0000005709573;5;AIRE ACONDICIONADO;2024-10-19;;;REPARAR;MEGA PLAZA - 191010;Web HD;En Curso;3
WO0000005709574;130;LAVATORIO;2024-10-19;19/10/2024;22-10-24;REPARAR;TUPAC AMARU - 191038;Web HD;Cerrado;3
WO0000005709925;128;LAMPARA DE EMERGENCIA;2024-10-19;22/10/2024;25-10-24;REPARAR;LOS ALISOS - 191080;Web HD;Cerrado;3
WO0000005710437;56;CONTADOR DE BILLETES;2024-10-20;22/10/2024;25-10-24;REPARAR;CHIMPU OCLLO - 191113;Web HD;Cerrado;3
WO0000005710917;56;CONTADOR DE BILLETES;2024-10-20;28/10/2024;28-10-24;REPARAR;LAS MALVINAS - 191076;Web HD;Terminado;3
WO0000005710924;56;CONTADOR DE BILLETES;2024-10-20;;;REPARAR;IZAGUIRRE - 191154;Web HD;Rechazado;3
WO0000005710954;57;CONTADOR DE MONEDAS;2024-10-20;21/10/2024;24-10-24;REPARAR;EL PROGRESO - 191037;Web HD;Cerrado;3
WO0000005710966;248;TICKETERA;2024-10-20;;;REVISAR;IZAGUIRRE - 191154;Web HD;Rechazado;3
WO0000005710996;221;SILLAS;2024-10-20;;;REPARAR;UNIPLAZA - 191019;Web HD;En Curso;3
WO0000005710997;5;AIRE ACONDICIONADO;2024-10-20;;;REPARAR;LAS LOMAS - 191055;Web HD;En Curso;3
WO0000005711301;257;URINARIOS;2024-10-20;;;REVISAR;UNIPLAZA - 191019;Web HD;Rechazado;3
WO0000005711302;191;PUERTA/MAMPARA BISAGRA;2024-10-20;28/10/2024;28-10-24;REPARAR;LAS LOMAS - 191055;Web HD;Terminado;3
WO0000005711303;240;TECHO /BALDOSAS;2024-10-20;28/10/2024;28-10-24;CAMBIAR;PERU - 191056;Web HD;Terminado;3
WO0000005711305;99;EXTINTOR;2024-10-20;;;REPARAR;PERU - 191056;Web HD;En Curso;3
WO0000005711313;107;FOCO DICROICOS;2024-10-20;;;CAMBIAR;UNIPLAZA - 191019;Web HD;En Curso;3
WO0000005711317;108;FOCO FLOURESCENTES;2024-10-20;;;CAMBIAR;LAS LOMAS - 191055;Web HD;En Curso;3
WO0000005711353;99;EXTINTOR;2024-10-20;;;REPARAR;NARANJAL - 191141;Web HD;En Curso;3
WO0000005711717;128;LAMPARA DE EMERGENCIA;2024-10-20;22/10/2024;25-10-24;REPARAR;NARANJAL - 191141;Web HD;Cerrado;3
WO0000005711720;249;TOMACORRIENTES;2024-10-20;22/10/2024;25-10-24;REVISAR;NARANJAL - 191141;Web HD;Cerrado;3
WO0000005711745;183;POZO SEPTICO;2024-10-20;28/10/2024;28-10-24;LIMPIAR;DEL AIRE - 193064;Web HD;Terminado;3
WO0000005712044;213;SECADOR DE MANOS;2024-10-20;22/10/2024;25-10-24;REPARAR;ANTUNEZ DE MAYOLO - 191028;Web HD;Cerrado;3
WO0000005712056;227;SISTEMA DE VIDEO;2024-10-20;;;REPARACION;TOPY TOP - 191049;Web HD;En Curso;2
WO0000005712320;5;AIRE ACONDICIONADO;2024-10-20;26/10/2024;29-10-24;REPARAR;SANTO DOMINGO - 191036;Web HD;Cerrado;3
WO0000005712384;108;FOCO FLOURESCENTES;2024-10-20;20/10/2024;23-10-24;CAMBIAR;PROCERES - 191120;Web HD;Cerrado;3
WO0000005712824;218;SE ALETICA INTERNA;2024-10-20;23/10/2024;26-10-24;REPONER;UNIPLAZA - 191019;Web HD;Cerrado;3
WO0000005712867;16;ATRIL;2024-10-20;26/10/2024;29-10-24;REPARAR;PERU - 191056;Web HD;Cerrado;3
WO0000005712868;190;PUERTA / MAMPARA CERRADURA;2024-10-20;23/10/2024;26-10-24;DUPLICADO DE LLAVE;COLLIQUE - 191065;Web HD;Cerrado;3
WO0000005714073;23;BUTACA;2024-10-21;;;REPARAR;COLLIQUE - 191065;Web HD;En Curso;3
WO0000005714085;190;PUERTA / MAMPARA CERRADURA;2024-10-21;28/10/2024;28-10-24;APERTURAR;BELAUNDE - 191018;Web HD;Terminado;3
WO0000005714093;57;CONTADOR DE MONEDAS;2024-10-21;22/10/2024;25-10-24;REPARAR;MERCADO DE FRUTAS - 191064;Web HD;Cerrado;3
WO0000005714550;32;CAJA BUZON;2024-10-21;22/10/2024;25-10-24;REPARAR;NICOLAS AYLLON - 191027;Web HD;Cerrado;3
WO0000005714596;180;PORTA AFICHES;2024-10-21;23/10/2024;26-10-24;REPARAR;MEGA PLAZA - 191010;Web HD;Cerrado;3
WO0000005714825;56;CONTADOR DE BILLETES;2024-10-21;;;REPARAR;PLAZA UNION - 191062;Web HD;En Curso;3
WO0000005714893;190;PUERTA / MAMPARA CERRADURA;2024-10-21;;;REEMPLAZAR;NICOLAS AYLLON - 191027;Web HD;En Curso;3
WO0000005714896;144;MESAS;2024-10-21;;;REPARAR;NICOLAS AYLLON - 191027;Web HD;En Curso;3
WO0000005715200;177;PIZARRA DE CORCHO;2024-10-21;22/10/2024;25-10-24;REPARAR;MEGA PLAZA - 191010;Web HD;Cerrado;3
WO0000005715201;100;EXTINTOR ANCLAJE;2024-10-21;26/10/2024;29-10-24;REPARAR;NICOLAS AYLLON - 191027;Web HD;Cerrado;3
WO0000005715207;108;FOCO FLOURESCENTES;2024-10-21;28/10/2024;28-10-24;CAMBIAR;NICOLAS AYLLON - 191027;Web HD;Terminado;3
WO0000005715291;92;ESCRITORIO;2024-10-21;;;MANTENIMIENTO;NICOLAS AYLLON - 191027;Web HD;Rechazado;1
WO0000005715405;249;TOMACORRIENTES;2024-10-21;;;REVISAR;C.C. MULTIPLAZA - 191077;Web HD;En Curso;3
WO0000005715415;108;FOCO FLOURESCENTES;2024-10-21;27/10/2024;30-10-24;CAMBIAR;NAYLAMP - 191143;Web HD;Cerrado;3
WO0000005715491;56;CONTADOR DE BILLETES;2024-10-21;;;REPARAR;EL AGUSTINO - 191041;Web HD;Rechazado;3
WO0000005715496;56;CONTADOR DE BILLETES;2024-10-21;;;REPARAR;EL AGUSTINO - 191041;Web HD;Rechazado;3
WO0000005716251;5;AIRE ACONDICIONADO;2024-10-21;26/10/2024;29-10-24;REPARAR;SANTO DOMINGO - 191036;Web HD;Cerrado;3
WO0000005716255;5;AIRE ACONDICIONADO;2024-10-21;26/10/2024;29-10-24;REPARAR;SANTO DOMINGO - 191036;Web HD;Cerrado;3
WO0000005716258;22;BOVEDA;2024-10-21;22/10/2024;25-10-24;REPROGRAMAR;C.B. FIORI - 191088;Web HD;Cerrado;3
WO0000005716269;15;ATM;2024-10-21;23/10/2024;26-10-24;LIMPIAR;C.C. MULTIPLAZA - 191077;Web HD;Cerrado;3
WO0000005716296;240;TECHO /BALDOSAS;2024-10-21;;;CAMBIAR;SAN JUAN DE LURIGANCHO - 191017;Web HD;En Curso;3
WO0000005716297;49;CERRADURA;2024-10-21;;;REEMPLAZAR;NAYLAMP - 191143;Web HD;En Curso;3
WO0000005716604;5;AIRE ACONDICIONADO;2024-10-21;22/10/2024;25-10-24;REPARAR;PUENTE PIEDRA - 191035;Web HD;Cerrado;3
WO0000005716613;248;TICKETERA;2024-10-21;;;REVISAR;UNIPLAZA - 191019;Web HD;En Curso;3
WO0000005716650;89;ESCALERA CINTA ANTIDESLIZANTE;2024-10-21;;;REPONER;C.C. MULTIPLAZA - 191077;Web HD;En Curso;3
WO0000005716653;46;CANALETAS;2024-10-21;;;REPARAR;C.C. MULTIPLAZA - 191077;Web HD;En Curso;3
WO0000005716659;240;TECHO /BALDOSAS;2024-10-21;;;CAMBIAR;C.C. MULTIPLAZA - 191077;Web HD;En Curso;3
WO0000005716661;221;SILLAS;2024-10-21;;;REPARAR;C.C. MULTIPLAZA - 191077;Web HD;En Curso;3
WO0000005716662;56;CONTADOR DE BILLETES;2024-10-21;;;REPARAR;C.C. MULTIPLAZA - 191077;Web HD;Rechazado;3
WO0000005716684;117;IMANTADO;2024-10-21;23/10/2024;26-10-24;CONFECCIONAR;ROSA TORO - 193022;Web HD;Cerrado;3
WO0000005717160;44;CAMARA CONVENCIONAL;2024-10-22;22/10/2024;25-10-24;MOVER;NAYLAMP - 191143;Web HD;Cerrado;3
WO0000005717445;56;CONTADOR DE BILLETES;2024-10-22;29/10/2024;29-10-24;REPARAR;IZAGUIRRE - 191154;Web HD;Terminado;3
WO0000005717455;202;RAMPA BARANDA;2024-10-22;;;REPARAR;IZAGUIRRE - 191154;Web HD;En Curso;3
WO0000005717808;240;TECHO /BALDOSAS;2024-10-22;;;CAMBIAR;ANGELICA GAMARRA - 191057;Web HD;En Curso;3
WO0000005717809;256;URINARIO FLUXOMETRO;2024-10-22;;;REVISAR;ANGELICA GAMARRA - 191057;Web HD;En Curso;3
WO0000005717811;123;INODOROS;2024-10-22;;;REVISAR;ANGELICA GAMARRA - 191057;Web HD;En Curso;3
WO0000005717813;31;CAJA / TAPA DE PASO;2024-10-22;29/10/2024;29-10-24;REVISAR;ANGELICA GAMARRA - 191057;Web HD;Terminado;3
WO0000005717854;56;CONTADOR DE BILLETES;2024-10-22;26/10/2024;29-10-24;REPARAR;IZAGUIRRE - 191154;Web HD;Cerrado;3
WO0000005717863;56;CONTADOR DE BILLETES;2024-10-22;26/10/2024;29-10-24;REPARAR;IZAGUIRRE - 191154;Web HD;Cerrado;3
WO0000005717883;56;CONTADOR DE BILLETES;2024-10-22;26/10/2024;29-10-24;REPARAR;EL SOL - 191082;Web HD;Cerrado;3
WO0000005717890;56;CONTADOR DE BILLETES;2024-10-22;26/10/2024;29-10-24;REPARAR;EL SOL - 191082;Web HD;Cerrado;3
WO0000005717892;56;CONTADOR DE BILLETES;2024-10-22;26/10/2024;29-10-24;REPARAR;EL SOL - 191082;Web HD;Cerrado;3
WO0000005717896;231;STICKER;2024-10-22;28/10/2024;28-10-24;REPONER;NARANJAL - 191141;Web HD;Terminado;3
WO0000005718247;43;CAJONERA CERRADURA;2024-10-22;26/10/2024;29-10-24;REEMPLAZAR;TUPAC AMARU - 191038;Web HD;Cerrado;3
WO0000005718248;249;TOMACORRIENTES;2024-10-22;;;REVISAR;URB SAN FELIPE COMAS - 191053;Web HD;Rechazado;3
WO0000005718257;43;CAJONERA CERRADURA;2024-10-22;;;REEMPLAZAR;TUPAC AMARU - 191038;Web HD;Rechazado;3
WO0000005718259;108;FOCO FLOURESCENTES;2024-10-22;26/10/2024;29-10-24;CAMBIAR;TUPAC AMARU - 191038;Web HD;Cerrado;3
WO0000005718263;108;FOCO FLOURESCENTES;2024-10-22;26/10/2024;29-10-24;CAMBIAR;TUPAC AMARU - 191038;Web HD;Cerrado;3
WO0000005718265;117;IMANTADO;2024-10-22;24/10/2024;27-10-24;CONFECCIONAR;TOTTUS GUIPOR - 191147;Web HD;Cerrado;3
WO0000005718266;123;INODOROS;2024-10-22;;;REVISAR;TUPAC AMARU - 191038;Web HD;En Curso;3
WO0000005718295;257;URINARIOS;2024-10-22;28/10/2024;28-10-24;REVISAR;QUILCA - 191160;Web HD;Terminado;3
WO0000005718521;239;TANQUES ELEVADOS CISTERNAS Y POZOS;2024-10-22;29/10/2024;29-10-24;REPARAR;MEGA PLAZA 2 - 191040;Web HD;Terminado;3
WO0000005718523;239;TANQUES ELEVADOS CISTERNAS Y POZOS;2024-10-22;;;REPARAR;MEGA PLAZA 2 - 191040;Web HD;En Curso;3
WO0000005718596;43;CAJONERA CERRADURA;2024-10-22;27/10/2024;30-10-24;REEMPLAZAR;TUSILAGOS - 191108;Web HD;Cerrado;3
WO0000005718908;190;PUERTA / MAMPARA CERRADURA;2024-10-22;;;REEMPLAZAR;MERCADO DE FRUTAS - 191064;Web HD;En Curso;3
WO0000005719327;5;AIRE ACONDICIONADO;2024-10-22;23/10/2024;26-10-24;REPARAR;TARAPACA - 191030;Web HD;Cerrado;3
WO0000005719329;120;INDECI;2024-10-22;;;REALIZAR MANTENIMIENTO REGULATORIO;LA ENSENADA - 191149;Web HD;En Curso;3
WO0000005719330;251;TUBERIA DE AGUA;2024-10-22;27/10/2024;30-10-24;REPARAR;SAN JUAN DE LURIGANCHO - 191017;Web HD;Cerrado;3
WO0000005719377;5;AIRE ACONDICIONADO;2024-10-22;;;REPARAR;ANTUNEZ DE MAYOLO - 191028;Web HD;En Curso;3
WO0000005719379;69;DETECTOR DE BILLETES;2024-10-22;29/10/2024;29-10-24;REPARAR;ANTUNEZ DE MAYOLO - 191028;Web HD;Terminado;3
WO0000005719381;111;GRIFERIA;2024-10-22;;;REVISAR;ANTUNEZ DE MAYOLO - 191028;Web HD;En Curso;3
WO0000005719386;108;FOCO FLOURESCENTES;2024-10-22;29/10/2024;29-10-24;CAMBIAR;ANTUNEZ DE MAYOLO - 191028;Web HD;Terminado;3
WO0000005719399;10;ARMARIO;2024-10-22;;;REPARAR;BELAUNDE - 191018;Web HD;En Curso;3
WO0000005719722;43;CAJONERA CERRADURA;2024-10-22;27/10/2024;30-10-24;REEMPLAZAR;ZARATE - 191097;Web HD;Cerrado;3
WO0000005719730;123;INODOROS;2024-10-22;;;REVISAR;C.B. FIORI - 191088;Web HD;En Curso;3
WO0000005719734;111;GRIFERIA;2024-10-22;;;REVISAR;C.B. FIORI - 191088;Web HD;En Curso;3
WO0000005719764;108;FOCO FLOURESCENTES;2024-10-22;24/10/2024;27-10-24;REVISAR;C.B. FIORI - 191088;Web HD;Cerrado;3
WO0000005720035;6;ALFOMBRAS;2024-10-22;;;REPARAR;PLAZA LIMA NORTE - 191058;Web HD;En Curso;3
WO0000005720039;240;TECHO /BALDOSAS;2024-10-22;;;CAMBIAR;PLAZA LIMA NORTE - 191058;Web HD;En Curso;3
WO0000005720041;221;SILLAS;2024-10-22;;;LIMPIAR;PLAZA LIMA NORTE - 191058;Web HD;En Curso;3
WO0000005720704;232;TABLERO ELECTRICO;2024-10-23;27/10/2024;30-10-24;REVISAR;NARANJAL - 191141;Web HD;Cerrado;3
WO0000005720733;231;STICKER;2024-10-23;27/10/2024;30-10-24;REPONER;PRO - 191029;Web HD;Cerrado;3
WO0000005720738;192;PUERTA/MAMPARA BRAZO HIDRAULICO;2024-10-23;;;REPARAR;PRO - 191029;Web HD;En Curso;3
WO0000005720772;5;AIRE ACONDICIONADO;2024-10-23;;;REPARAR;NARANJAL - 191141;Web HD;En Curso;3
WO0000005720795;264;VINIL;2024-10-23;;;REPONER;TOTTUS GUIPOR - 191147;Web HD;Rechazado;3
WO0000005721219;111;GRIFERIA;2024-10-23;26/10/2024;29-10-24;REVISAR;UNIPLAZA - 191019;Web HD;Cerrado;3
WO0000005721232;108;FOCO FLOURESCENTES;2024-10-23;29/10/2024;29-10-24;REVISAR;PLAZA LIMA NORTE - 191058;Web HD;Terminado;3
WO0000005721262;32;CAJA BUZON;2024-10-23;26/10/2024;29-10-24;APERTURAR;LAS LOMAS - 191055;Web HD;Cerrado;3
WO0000005721761;144;MESAS;2024-10-23;;;REPARAR;IZAGUIRRE - 191154;Web HD;En Curso;3
WO0000005721768;43;CAJONERA CERRADURA;2024-10-23;;;REEMPLAZAR;IZAGUIRRE - 191154;Web HD;Rechazado;3
WO0000005721773;5;AIRE ACONDICIONADO;2024-10-23;29/10/2024;29-10-24;REPARAR;BELAUNDE - 191018;Web HD;Terminado;3
WO0000005722007;107;FOCO DICROICOS;2024-10-23;;;CAMBIAR;IZAGUIRRE - 191154;Web HD;En Curso;3
WO0000005722017;5;AIRE ACONDICIONADO;2024-10-23;;;REPARAR;IZAGUIRRE - 191154;Web HD;En Curso;3
WO0000005722024;251;TUBERIA DE AGUA;2024-10-23;;;REPARAR;IZAGUIRRE - 191154;Web HD;En Curso;3
WO0000005722028;111;GRIFERIA;2024-10-23;29/10/2024;29-10-24;REVISAR;IZAGUIRRE - 191154;Web HD;Terminado;3
WO0000005722093;171;PISOS;2024-10-23;;;LIMPIAR;VILLA SOL - 191059;Web HD;En Curso;3
WO0000005722095;56;CONTADOR DE BILLETES;2024-10-23;27/10/2024;30-10-24;REPARAR;PLAZA CIVICA VENTANILLA - 192026;Web HD;Cerrado;3
WO0000005722099;56;CONTADOR DE BILLETES;2024-10-23;27/10/2024;30-10-24;REPARAR;PLAZA CIVICA VENTANILLA - 192026;Web HD;Cerrado;3
WO0000005722421;79;DVR;2024-10-23;23/10/2024;26-10-24;REPARAR;TUPAC AMARU - 191038;Web HD;Cerrado;3
WO0000005722430;198;PULSADOR INALAMBRICO;2024-10-23;26/10/2024;29-10-24;REPARAR;TUPAC AMARU - 191038;Web HD;Cerrado;3
WO0000005722457;248;TICKETERA;2024-10-23;29/10/2024;29-10-24;REVISAR;IZAGUIRRE - 191154;Web HD;Terminado;3
WO0000005722467;255;UPS / ESTABILIZADOR;2024-10-23;;;REVISAR;URB SAN FELIPE COMAS - 191053;Web HD;En Curso;3
WO0000005722473;5;AIRE ACONDICIONADO;2024-10-23;27/10/2024;30-10-24;REPARAR;URB SAN FELIPE COMAS - 191053;Web HD;Cerrado;3
WO0000005722499;214;SENSOR DE ANIEGO;2024-10-23;26/10/2024;29-10-24;REPARAR;INDEPENDENCIA (LIMA) - 191142;Web HD;Cerrado;3
WO0000005722848;16;ATRIL;2024-10-23;27/10/2024;30-10-24;REPARAR;LAS LOMAS - 191055;Web HD;Cerrado;3
WO0000005722868;62;CORTO CIRCUITO;2024-10-23;26/10/2024;29-10-24;REVISAR;TOTTUS GUIPOR - 191147;Web HD;Cerrado;3
WO0000005722869;122;INODORO TANQUE DE AGUA;2024-10-23;27/10/2024;30-10-24;REVISAR;CANTO GRANDE - 191096;Web HD;Cerrado;3
WO0000005722889;221;SILLAS;2024-10-23;;;LIMPIAR;URB SAN FELIPE COMAS - 191053;Web HD;En Curso;3
WO0000005723207;249;TOMACORRIENTES;2024-10-23;;;REVISAR;TOTTUS GUIPOR - 191147;Web HD;En Curso;3
WO0000005723259;154;OFICINA;2024-10-23;;;FUMIGAR;C.C. MULTIPLAZA - 191077;Web HD;En Curso;3
WO0000005724786;134;LETREROS LUMINOSO;2024-10-26;;;REVISAR;CHIMPU OCLLO - 191113;Web HD;En Curso;3
WO0000005725421;191;PUERTA/MAMPARA BISAGRA;2024-10-26;26/10/2024;29-10-24;REPARAR;MEGA PLAZA 2 - 191040;Web HD;Cerrado;3
WO0000005725460;5;AIRE ACONDICIONADO;2024-10-26;26/10/2024;29-10-24;REPARAR;MERCADO DE FRUTAS - 191064;Web HD;Cerrado;3
WO0000005726129;138;LOCKER CERRADURA;2024-10-26;26/10/2024;29-10-24;REEMPLAZAR;TUPAC AMARU - 191038;Web HD;Cerrado;3
WO0000005726183;43;CAJONERA CERRADURA;2024-10-26;;;REEMPLAZAR;ZARATE - 191097;Web HD;Rechazado;3
WO0000005726193;5;AIRE ACONDICIONADO;2024-10-26;;;REPARAR;LA ENSENADA - 191149;Web HD;En Curso;3
WO0000005726195;108;FOCO FLOURESCENTES;2024-10-26;;;CAMBIAR;LA ENSENADA - 191149;Web HD;En Curso;3
WO0000005726521;197;PULSADOR DE ASALTO;2024-10-26;;;REPARAR;URB SAN FELIPE COMAS - 191053;Web HD;En Curso;3
WO0000005726543;106;FOCO AHORRADOR;2024-10-26;;;CAMBIAR;VILLA SOL - 191059;Web HD;En Curso;3
WO0000005726838;5;AIRE ACONDICIONADO;2024-10-26;27/10/2024;30-10-24;REPARAR;SAN MARTIN DE PORRES - 191021;Web HD;Cerrado;3
WO0000005726841;56;CONTADOR DE BILLETES;2024-10-26;;;REPARAR;MENDIOLA - 191078;Web HD;En Curso;3
WO0000005726881;56;CONTADOR DE BILLETES;2024-10-26;;;REPARAR;MEGA PLAZA - 191010;Web HD;En Curso;3
WO0000005726886;56;CONTADOR DE BILLETES;2024-10-26;;;REPARAR;TARAPACA - 191030;Web HD;Rechazado;3
WO0000005726890;251;TUBERIA DE AGUA;2024-10-26;29/10/2024;29-10-24;REPARAR;EDUARDO DE HABICH - 191023;Web HD;Terminado;3
WO0000005727317;106;FOCO AHORRADOR;2024-10-26;27/10/2024;30-10-24;CAMBIAR;QUILCA - 191160;Web HD;Cerrado;3
WO0000005727318;231;STICKER;2024-10-26;28/10/2024;28-10-24;REPONER;LA PAMPILLA - 192012;Web HD;Terminado;3
WO0000005727329;32;CAJA BUZON;2024-10-26;27/10/2024;30-10-24;APERTURAR;BELAUNDE - 191018;Web HD;Cerrado;3
WO0000005727330;251;TUBERIA DE AGUA;2024-10-26;;;REPARAR;LAS LOMAS - 191055;Web HD;En Curso;3
WO0000005727341;154;OFICINA;2024-10-26;;;FUMIGAR;PLAZA LIMA NORTE - 191058;Web HD;En Curso;3
WO0000005727854;5;AIRE ACONDICIONADO;2024-10-26;28/10/2024;28-10-24;REPARAR;CANTO GRANDE - 191096;Web HD;Terminado;3
WO0000005728231;56;CONTADOR DE BILLETES;2024-10-26;;;REPARAR;TARAPACA - 191030;Web HD;En Curso;3
WO0000005728237;121;INODORO FLUXOMETRO;2024-10-26;;;REVISAR;DEL AIRE - 193064;Web HD;En Curso;3
WO0000005728238;256;URINARIO FLUXOMETRO;2024-10-26;;;REVISAR;DEL AIRE - 193064;Web HD;En Curso;3
WO0000005729190;198;PULSADOR INALAMBRICO;2024-10-27;27/10/2024;30-10-24;REPARAR;CAQUETA - 191091;Web HD;Cerrado;3
WO0000005729231;221;SILLAS;2024-10-27;28/10/2024;28-10-24;REPARAR;EL AGUSTINO - 191041;Web HD;Terminado;3
WO0000005729290;41;CAJONERA;2024-10-27;;;REPARAR;URB SAN FELIPE COMAS - 191053;Web HD;En Curso;3
WO0000005729295;154;OFICINA;2024-10-27;27/10/2024;30-10-24;FUMIGAR;SAN JUAN DE LURIGANCHO - 191017;Web HD;Cerrado;3
WO0000005729296;56;CONTADOR DE BILLETES;2024-10-27;28/10/2024;28-10-24;REPARAR;EL PROGRESO - 191037;Web HD;Terminado;3
WO0000005729725;191;PUERTA/MAMPARA BISAGRA;2024-10-27;29/10/2024;29-10-24;REPARAR;INDEPENDENCIA (LIMA) - 191142;Web HD;Terminado;3
WO0000005729763;56;CONTADOR DE BILLETES;2024-10-27;29/10/2024;29-10-24;REPARAR;PLAZA UNION - 191062;Web HD;Terminado;3
WO0000005729772;221;SILLAS;2024-10-27;;;LIMPIAR;PLAZA LIMA NORTE - 191058;Web HD;Rechazado;3
WO0000005729777;6;ALFOMBRAS;2024-10-27;;;REPARAR;PLAZA LIMA NORTE - 191058;Web HD;En Curso;3
WO0000005729792;190;PUERTA / MAMPARA CERRADURA;2024-10-27;29/10/2024;29-10-24;REEMPLAZAR;NARANJAL - 191141;Web HD;Terminado;3
WO0000005730104;240;TECHO /BALDOSAS;2024-10-27;;;CAMBIAR;NACIONES UNIDAS - 191084;Web HD;En Curso;3
WO0000005730129;249;TOMACORRIENTES;2024-10-27;;;REVISAR;NACIONES UNIDAS - 191084;Web HD;En Curso;3
WO0000005730136;214;SENSOR DE ANIEGO;2024-10-27;;;REPARAR;NACIONES UNIDAS - 191084;Web HD;En Curso;3
WO0000005730144;123;INODOROS;2024-10-27;;;REVISAR;NACIONES UNIDAS - 191084;Web HD;En Curso;3
WO0000005730172;5;AIRE ACONDICIONADO;2024-10-27;;;REPARAR;NAYLAMP - 191143;Web HD;En Curso;3
WO0000005730182;163;PARED;2024-10-27;;;PINTAR;NAYLAMP - 191143;Web HD;En Curso;3
WO0000005730427;30;CABLEADO;2024-10-27;;;ORDENAR;LA PAMPILLA - 192012;Web HD;En Curso;3
WO0000005730471;56;CONTADOR DE BILLETES;2024-10-27;;;REPARAR;LOS ALISOS - 191080;Web HD;En Curso;3
WO0000005730472;57;CONTADOR DE MONEDAS;2024-10-27;28/10/2024;28-10-24;REPARAR;TUPAC AMARU - 191038;Web HD;Terminado;3
WO0000005730478;56;CONTADOR DE BILLETES;2024-10-27;;;REPARAR;LOS ALISOS - 191080;Web HD;En Curso;3
WO0000005730719;199;PUNTO / CABLE DE RED;2024-10-27;28/10/2024;28-10-24;REVISAR;PERU - 191056;Web HD;Terminado;3
WO0000005730775;197;PULSADOR DE ASALTO;2024-10-27;27/10/2024;30-10-24;REPARAR;CHIMPU OCLLO - 191113;Web HD;Cerrado;3
WO0000005730776;248;TICKETERA;2024-10-27;;;REVISAR;TUSILAGOS - 191108;Web HD;Rechazado;3
WO0000005730786;221;SILLAS;2024-10-27;;;REPARAR;PRO - 191029;Web HD;En Curso;3
WO0000005731314;43;CAJONERA CERRADURA;2024-10-27;;;DUPLICADO DE LLAVE;TUSILAGOS - 191108;Web HD;En Curso;3
WO0000005731341;5;AIRE ACONDICIONADO;2024-10-27;28/10/2024;28-10-24;REGULAR;NAYLAMP - 191143;Web HD;Terminado;3
WO0000005731342;108;FOCO FLOURESCENTES;2024-10-27;;;CAMBIAR;PROCERES - 191120;Web HD;En Curso;3
WO0000005731348;56;CONTADOR DE BILLETES;2024-10-27;;;REPARAR;PROCERES - 191120;Web HD;En Curso;3
WO0000005731372;253;TV;2024-10-27;28/10/2024;28-10-24;REPARAR;MERCADO DE FRUTAS - 191064;Web HD;Terminado;2
WO0000005731719;139;LONCHERA CERRADURA;2024-10-27;;;REEMPLAZAR;BELAUNDE - 191018;Web HD;En Curso;3
WO0000005731734;57;CONTADOR DE MONEDAS;2024-10-27;29/10/2024;29-10-24;REPARAR;METRO AV. WIESSE - 191106;Web HD;Terminado;3
WO0000005731743;122;INODORO TANQUE DE AGUA;2024-10-27;;;REVISAR;PERU - 191056;Web HD;En Curso;3
WO0000005731745;43;CAJONERA CERRADURA;2024-10-27;;;APERTURAR;UNIPLAZA - 191019;Web HD;En Curso;3
