AtencionID|Numero Ticket|Agencia|Semana Visita|Tipo Atencion|ProveedorID|Proveedor|Unidades|Costo Atencion|Numero OS/OC|Codigo Conformidad
15948|WO0000005274504|CUSCO||Variable|40|Prosegur||||
15955|WO0000005276882|CAYMA||Variable|32|Limtek||||
15956|WO0000005275139|MARIANO MELGAR|S2|Flat|48|Accenture||||
15962|WO0000005275789|MOLLENDO||Flat|48|Accenture||182.5|02191-062023|
15963|WO0000005276884|CAYMA||Variable|48|Accenture||1263|02570-062023|
15964|WO0000005275787|AREQUIPA||Rechazado|48|Accenture||||
15965|WO0000005275766|AREQUIPA||Variable|48|Accenture||1238|03638-072023|
15968|WO0000005280914|QUILLABAMBA||Rechazado|9|Cechriza||||
15969|WO0000005278286|QUILLABAMBA||Rechazado|9|Cechriza||||
15970|WO0000005278288|QUILLABAMBA||Rechazado|9|Cechriza||||
15971|WO0000005278287|QUILLABAMBA||Rechazado|9|Cechriza||||
15998|WO0000005280946|ANDAHUAYLAS||Variable|48|Accenture||398.4|02190-062023|
15999|WO0000005280224|PARQUE INDUSTRIAL (AREQUIPA)||Flat|48|Accenture||||
16002|WO0000005279114|CAMANA||Variable|48|Accenture||585|00912-062023|
16004|WO0000005281627|REAL PLAZA CUSCO||Flat|48|Accenture||||
16006|WO0000005282507|CUSCO||Rechazado|40|Prosegur||||
16007|WO0000005283928|CERRO COLORADO|S2|Flat|48|Accenture||||
16011|WO0000005283927|AREQUIPA|S2|Flat|48|Accenture||||
16012|WO0000005283930|CERRO COLORADO|S2|Flat|48|Accenture||||
16013|WO0000005283931|CERRO COLORADO|S2|Flat|48|Accenture||||
16014|WO0000005283953|HUAYRUROPATA|S2|Flat|48|Accenture||||
16015|WO0000005283949|LARAPA|S2|Flat|48|Accenture||||
16016|WO0000005283924|CAYMA|S2|Flat|48|Accenture||||
16018|WO0000005283011|AREQUIPA|S2|Flat|48|Accenture||||
16023|WO0000005283990|LA CULTURA|S2|Flat|48|Accenture||||
16024|WO0000005282549|MOQUEGUA|Q2|Variable|48|Accenture||235|00165-072023|
16026|WO0000005283955|MARIANO MELGAR||Variable|9|Cechriza||||
16028|WO0000005283947|MARIANO MELGAR||Variable|9|Cechriza||||
16031|WO0000005283622|EL PEDREGAL|Q2|Flat|48|Accenture||153|02173-062023|
16034|WO0000005283970|MARIANO MELGAR||Variable|46|Shalman||||
16041|WO0000005286469|CERRO COLORADO|S2|Flat|48|Accenture||||
16044|WO0000005286467|CERRO COLORADO|S2|Flat|48|Accenture||||
16052|WO0000005285896|BUSTAMANTE Y RIVERO|S2|Flat|48|Accenture||||
16057|WO0000005287097|PUERTO MALDONADO|Q2|Flat|48|Accenture||||
16060|WO0000005287017|LARAPA|S2|Flat|48|Accenture||||
16061|WO0000005287095|PUERTO MALDONADO|Q2|Flat|48|Accenture||||
16066|WO0000005286400|AREQUIPA||Variable|14|Construcciones Tolentino||||
16070|WO0000005286466|CAMANA|Q2|Flat|48|Accenture||1298.5|02558-062023|
16071|WO0000005288600|AREQUIPA||Variable|48|Accenture||||
16072|WO0000005287467|ILO|Q1|Flat|48|Accenture||921.5|03774-062023|
16081|WO0000005290127|LA NEGRITA|S2|Flat|48|Accenture||||
16082|WO0000005290126|SOCABAYA|S3|Flat|48|Accenture||||
16096|WO0000005292355|PARQUE INDUSTRIAL (AREQUIPA)||Variable|40|Prosegur||||
16097|WO0000005291996|CAYMA|S2|Flat|48|Accenture||||
16098|WO0000005291988|CAYMA|S2|Flat|48|Accenture||965|03820-062023|
16104|WO0000005290816|UMACOLLO|S2|Flat|48|Accenture||||
16107|WO0000005290867|JULIACA||Variable|9|Cechriza||||
16108|WO0000005290891|AREQUIPA||Flat|48|Accenture||||
16114|WO0000005290807|BUSTAMANTE Y RIVERO||Variable|9|Cechriza||||
16118|WO0000005290869|JULIACA||Variable|9|Cechriza||||
16124|WO0000005293553|LA MERCED (AREQUIPA)||Variable|40|Prosegur||||
16125|WO0000005293197|MARIANO MELGAR||Variable|40|Prosegur||||
16131|WO0000005293544|TACNA||Variable|40|Prosegur||||
16132|WO0000005293524|SAN ROMAN||Variable|40|Prosegur||||
16157|WO0000005297346|AREQUIPA||Variable|40|Prosegur||||
16159|WO0000005294497|JULIACA||Variable|48|Accenture||160|04700-062023|
16162|WO0000005295510|MARIANO MELGAR|S3|Flat|48|Accenture||313|02163-062023|
16166|WO0000005295515|AREQUIPA|S3|Flat|48|Accenture||||
16170|WO0000005295536|PARQUE INDUSTRIAL (AREQUIPA)||Variable|9|Cechriza||||
16174|WO0000005300223|SICUANI||Rechazado||||||
16181|WO0000005299582|LA CULTURA|S3|Flat|48|Accenture||||
16182|WO0000005299580|LA CULTURA|S3|Flat|48|Accenture||||
16183|WO0000005299578|LA CULTURA|S3|Flat|48|Accenture||||
16187|WO0000005299577|LA CULTURA|S3|Flat|48|Accenture||||
16198|WO0000005301027|HUAYRUROPATA||Variable|40|Prosegur||||
16201|WO0000005298925|CAYMA|S3|Flat|48|Accenture||||
16202|WO0000005299595|PUERTO MALDONADO|Q2|Flat|48|Accenture||157.4|01679-072023|
16211|WO0000005299529|LA NEGRITA||Flat|48|Accenture||143|03379-062023|
16214|WO0000005303481|ANDAHUAYLAS||Rechazado|48|Accenture||||
16215|WO0000005304148|SOCABAYA||Rechazado||||||
16219|WO0000005304165|QUILLABAMBA||Rechazado||||||
16221|WO0000005304112|AREQUIPA|S3|Flat|48|Accenture||||
16222|WO0000005304108|CAYMA|S3|Flat|48|Accenture||||
16224|WO0000005304116|AREQUIPA|S3|Flat|48|Accenture||||
16229|WO0000005304111|AREQUIPA|S3|Flat|48|Accenture||||
16235|WO0000005302448|MARIANO MELGAR|S3|Flat|48|Accenture||||
16239|WO0000005303428|PUNO||Variable|9|Cechriza||||
16241|WO0000005303042|PARQUE INDUSTRIAL (AREQUIPA)||Variable|40|Prosegur||||
16242|WO0000005303405|ILO|Q2|Flat|48|Accenture||341.5|02248-062023|
16243|WO0000005302403|JULIACA||Variable|14|Construcciones Tolentino||||
16249|WO0000005303034|PUERTO MALDONADO||Variable|9|Cechriza||||
16251|WO0000005303046|PUERTO MALDONADO||Variable|9|Cechriza||||
16255|WO0000005303038|PUERTO MALDONADO||Variable|9|Cechriza||||
16283|WO0000005308022|MARIANO MELGAR||Variable|48|Accenture||809.5|02414-062023|
16287|WO0000005308056|BOLOGNESI|Q2|Flat|48|Accenture||116|02254-062023|
16299|WO0000005308055|BOLOGNESI|Q2|Flat|48|Accenture||1005|02567-062023|
16303|WO0000005306537|SOCABAYA||Flat|48|Accenture||485|00778-072023|
16304|WO0000005306539|SOCABAYA||Flat|48|Accenture||475|03832-062023|
16305|WO0000005305959|ABANCAY||Variable|9|Cechriza||||
16330|WO0000005309127|MALL AVENTURA PLAZA AREQUIPA|S3|Flat|48|Accenture||||
16332|WO0000005309858|BUSTAMANTE Y RIVERO|S3|Flat|48|Accenture||||
16336|WO0000005310335|DIAGONAL|S3|Flat|48|Accenture||161|02832-062023|
16338|WO0000005310809|URUBAMBA||Emergencia|32|Limtek||||
16339|WO0000005309155|PUERTO MALDONADO||Variable|36|MR Express||||
16340|WO0000005310334|DIAGONAL||Variable|14|Construcciones Tolentino||||
16347|WO0000005311378|MOQUEGUA||Variable|48|Accenture||409|02158-072023|
16349|WO0000005310856|CERRO COLORADO||Variable|14|Construcciones Tolentino||||
16351|WO0000005310852|CERRO COLORADO||Flat|48|Accenture||||
16357|WO0000005309177|BOLOGNESI||Variable|48|Accenture||330|00555-072023|
16359|WO0000005311385|MOQUEGUA|Q2|Flat|48|Accenture||275|03816-062023|
16363|WO0000005312316|MOQUEGUA||Variable|40|Prosegur||||
16372|WO0000005314683|SAN ROMAN||Rechazado|48|Accenture||||
16375|WO0000005315743|MARIANO MELGAR|S4|Flat|48|Accenture||||
16381|WO0000005315723|AREQUIPA|S3|Flat|48|Accenture||||
16384|WO0000005315728|CUSCO|S4|Flat|48|Accenture||||
16385|WO0000005315731|CUSCO|S4|Flat|48|Accenture||||
16387|WO0000005315263|CUSCO|S4|Flat|48|Accenture||||
16402|WO0000005316269|SICUANI||Variable|14|Construcciones Tolentino||||
16405|WO0000005316233|SICUANI||Variable|14|Construcciones Tolentino||||
16411|WO0000005314630|QUILLABAMBA||Emergencia|32|Limtek||||
16433|WO0000005316216|SICUANI||Variable|48|Accenture||481.5|01183-072023|
16464|WO0000005317537|CAYMA|S4|Flat|48|Accenture||||
16466|WO0000005318105|PARQUE INDUSTRIAL (AREQUIPA)|S4|Flat|48|Accenture||||
16474|WO0000005319016|AREQUIPA||Emergencia|32|Limtek||||
16477|WO0000005318121|CUSCO||Variable|48|Accenture||794|03144-062023|
16481|WO0000005319790|PUNO|Q2|Flat|48|Accenture||732|03348-062023|
16482|WO0000005319763|ILO|Q2|Flat|48|Accenture||421.5|03370-062023|
16483|WO0000005320201|SICUANI||Emergencia|32|Limtek||||
16484|WO0000005320213|ANDAHUAYLAS|Q1|Flat|48|Accenture||782.5|03324-062023|
16485|WO0000005320212|ANDAHUAYLAS|Q1|Flat|48|Accenture||291|03333-062023|
16487|WO0000005318110|SICUANI||Flat|48|Accenture||152.5|00393-072023|
16488|WO0000005317598|MALL AVENTURA PLAZA AREQUIPA||Variable|9|Cechriza||||
16508|WO0000005323091|LA CULTURA|S4|Flat|48|Accenture||298.2|03286-062023|
16510|WO0000005321446|PARQUE INDUSTRIAL (AREQUIPA)|S4|Flat|48|Accenture||||
16514|WO0000005323059|CUSCO||Variable|32|Limtek||||
16517|WO0000005323060|LARAPA||Variable|32|Limtek||||
16521|WO0000005322412|JULIACA|Q2|Flat|48|Accenture||118|03291-062023|
16522|WO0000005322414|JULIACA|Q2|Flat|48|Accenture||575|03289-062023|
16524|WO0000005321969|ILO|Q2|Flat|48|Accenture||719|03304-062023|
16561|WO0000005324970|BOLOGNESI|Q2|Flat|48|Accenture||981|03797-062023|
16562|WO0000005326634|ABANCAY|Q1|Flat|48|Accenture||164.6|00149-072023|
16564|WO0000005326000|TACNA|Q1|Flat|48|Accenture||242|03806-062023|
16577|WO0000005332849|MARIANO MELGAR|S4|Flat|48|Accenture||||
16578|WO0000005332850|MARIANO MELGAR|S4|Flat|48|Accenture||||
16581|WO0000005332851|CUSCO|S4|Flat|48|Accenture||||
16582|WO0000005331324|CAYMA|S4|Flat|48|Accenture||||
16594|WO0000005331375|JACOBO HUNTER|S4|Flat|48|Accenture||||
16596|WO0000005331372|JACOBO HUNTER|S4|Flat|48|Accenture||||
16597|WO0000005331371|JACOBO HUNTER|S4|Flat|48|Accenture||||
16623|WO0000005337088|SAN ROMAN||Rechazado|48|Accenture||||
16655|WO0000005336682|SOCABAYA|S1|Flat|48|Accenture||547|04303-062023|
16687|WO0000005340025|DIAGONAL||Emergencia|32|Limtek||||
16690|WO0000005341015|LA CULTURA|S1|Flat|48|Accenture||||
16691|WO0000005341013|LA CULTURA|S1|Flat|48|Accenture||||
16693|WO0000005340553|CAYMA|S1|Flat|48|Accenture||||
16694|WO0000005340029|PUNO||Variable|48|Accenture||2250|01665-072023|
16702|WO0000005340032|QUILLABAMBA||Variable|48|Accenture||580|00174-072023|
16705|WO0000005340091|LARAPA|S1|Flat|48|Accenture||||
16716|WO0000005341529|LA NEGRITA|S1|Flat|48|Accenture||352|00181-072023|
16718|WO0000005340515|TOWN SITE|Q1|Flat|48|Accenture||446|00189-072023|
16725|WO0000005344671|AREQUIPA|S1|Flat|48|Accenture||||
16727|WO0000005344675|PARQUE INDUSTRIAL (AREQUIPA)|S1|Flat|48|Accenture||||
16731|WO0000005344668|AREQUIPA|S1|Flat|48|Accenture||||
16734|WO0000005344666|AREQUIPA|S1|Flat|48|Accenture||||
16736|WO0000005344673|PARQUE INDUSTRIAL (AREQUIPA)|S1|Flat|48|Accenture||||
16738|WO0000005344645|AREQUIPA|S1|Flat|48|Accenture||||
16749|WO0000005345062|CUSCO||Emergencia|32|Limtek||||
16750|WO0000005345043|AREQUIPA||Variable|40|Prosegur||||
16757|WO0000005344131|CUSCO||Variable|48|Accenture||||
16758|WO0000005344636|AREQUIPA||Flat|48|Accenture||485|04295-072023|
16777|WO0000005349324|AREQUIPA||Variable|36|MR Express||||
16780|WO0000005349322|CAYMA|S1|Flat|48|Accenture||||
16788|WO0000005349815|PUNO||Variable|40|Prosegur||||
16792|WO0000005349813|PUNO|Q1|Flat|48|Accenture||404|00190-072023|
16793|WO0000005349812|PUNO||Variable|40|Prosegur||||
16796|WO0000005349810|PUNO||Variable|40|Prosegur||||
16797|WO0000005349348|JULIACA||Variable|14|Construcciones Tolentino||||
16799|WO0000005349383|BOLOGNESI||Variable|48|Accenture||272.5|00297-082023|
16801|WO0000005352667|SOCABAYA||Rechazado|48|Accenture||||
16802|WO0000005351064|CAYMA|S1|Flat|48|Accenture||||
16803|WO0000005351021|CAYMA|S1|Flat|48|Accenture||||
16813|WO0000005350484|CAMANA|Q2|Flat|48|Accenture||644|00192-072023|
16815|WO0000005350483|CAMANA|Q2|Flat|48|Accenture||985|00191-072023|
16822|WO0000005350481|CAMANA||Variable|48|Accenture||||
16828|WO0000005351922|JULIACA||Variable|9|Cechriza||||
16829|WO0000005352669|JULIACA||Variable|9|Cechriza||||
16839|WO0000005357625|TRAVELLERS POINT CUSCO|S1|Flat|48|Accenture||||
16847|WO0000005355939|LA MERCED (AREQUIPA)||Variable|48|Accenture||109.8|00687-102023|
16849|WO0000005357293|PUERTO MALDONADO||Variable|48|Accenture||176|02154-072023|
16852|WO0000005355917|MARIANO MELGAR||Variable|9|Cechriza||||
16853|WO0000005358115|MOLLENDO|Q1|Flat|48|Accenture||719.5|01489-072023|
16855|WO0000005358118|MOLLENDO|Q1|Flat|48|Accenture||636|01845-072023|
16877|WO0000005362244|MALL AVENTURA PLAZA AREQUIPA|S1|Flat|48|Accenture||||
16888|WO0000005364429|MARIANO MELGAR||Variable|9|Cechriza||||
16892|WO0000005364441|AREQUIPA||Variable|36|MR Express||||
16893|WO0000005364048|CUSCO||Variable|9|Cechriza||||
16894|WO0000005362237|TOWN SITE||Flat|48|Accenture||375|04604-072023|
16898|WO0000005368214|LARAPA||Rechazado|48|Accenture||||
16908|WO0000005367430|QUILLABAMBA|S1|Flat|48|Accenture||97.5|00538-102023|
16910|WO0000005369945|PUNO|Q1|Flat|48|Accenture||404|05207-072023|
16917|WO0000005369593|AREQUIPA||Emergencia|4|Alteliza||||
16918|WO0000005369557|LA NEGRITA||Emergencia|4|Alteliza||||
16919|WO0000005369073|BUSTAMANTE Y RIVERO|S2|Flat|48|Accenture||||
16933|WO0000005368206|SAN ROMAN|Q1|Flat|48|Accenture||318.2|01204-072023|
16944|WO0000005369067|BUSTAMANTE Y RIVERO||Variable|23|Goicochea Madileydy||||
16949|WO0000005369936|AREQUIPA||Flat|48|Accenture||1114|02174-072023|
16950|WO0000005369914|AREQUIPA||Variable|48|Accenture||||
16951|WO0000005372903|DIAGONAL||Rechazado||||||
16952|WO0000005373336|CERRO COLORADO||Rechazado||||||
16954|WO0000005373333|CERRO COLORADO||Rechazado|14|Construcciones Tolentino||||
16992|WO0000005371922|URUBAMBA||Variable|9|Cechriza||||
16994|WO0000005374252|AREQUIPA|S2|Flat|48|Accenture||||
16995|WO0000005372562|ALTO DE LA ALIANZA|Q2|Flat|48|Accenture||103|01457-072023|
16998|WO0000005373366|PARQUE INDUSTRIAL (AREQUIPA)|S1|Flat|48|Accenture||||
17001|WO0000005373706|JULIACA||Variable|40|Prosegur||||
17004|WO0000005373736|SIGLO XX||Emergencia|32|Limtek||||
17008|WO0000005372554|ALTO DE LA ALIANZA|Q2|Flat|48|Accenture||248.5|01460-072023|
17010|WO0000005372532|ALTO DE LA ALIANZA|Q2|Flat|48|Accenture||136.7|01463-072023|
17013|WO0000005372556|LA NEGRITA||Variable|48|Accenture||488|01212-072023|
17014|WO0000005372558|AREQUIPA||Variable|48|Accenture||488|01210-072023|
17015|WO0000005371967|ALTO DE LA ALIANZA|Q2|Flat|48|Accenture||468.8|02044-072023|
17016|WO0000005372579|JULIACA|Q1|Flat|48|Accenture||318.2|01664-072023|
17017|WO0000005373732|ILO|Q1|Flat|48|Accenture||327.5|01844-072023|
17022|WO0000005374239|CAYMA||Variable|9|Cechriza||||
17028|WO0000005371948|ANDAHUAYLAS||Variable|9|Cechriza||||
17029|WO0000005374238|CAYMA||Variable|9|Cechriza||||
17030|WO0000005373323|URUBAMBA||Variable|9|Cechriza||||
17031|WO0000005371956|ALTO DE LA ALIANZA||Flat|48|Accenture||373.8|02038-072023|
17035|WO0000005375265|BUSTAMANTE Y RIVERO||Variable|40|Prosegur||||
17045|WO0000005375466|PARQUE INDUSTRIAL (AREQUIPA)||Variable|40|Prosegur||||
17046|WO0000005378353|SICUANI||Rechazado|48|Accenture||||
17047|WO0000005378362|TOWN SITE||Rechazado|48|Accenture||||
17052|WO0000005378772|UMACOLLO||Rechazado|40|Prosegur||||
17058|WO0000005378347|SICUANI|S2|Flat|48|Accenture||343|01861-072023|
17059|WO0000005378346|SICUANI|S2|Flat|48|Accenture||337.5|01854-072023|
17062|WO0000005379106|AREQUIPA|S3|Flat|48|Accenture||||
17063|WO0000005379105|AREQUIPA|S3|Flat|48|Accenture||||
17096|WO0000005378355|LA NEGRITA||Variable|48|Accenture||1150|02759-082023|
17099|WO0000005380609|ANDAHUAYLAS||Indeci||||||
17100|WO0000005382274|PUNO||Rechazado|23|Goicochea Madileydy||||
17102|WO0000005384390|LA NEGRITA||Rechazado|9|Cechriza||||
17112|WO0000005383295|DIAGONAL|S3|Flat|48|Accenture||||
17114|WO0000005381769|CAYMA|S3|Flat|48|Accenture||||
17117|WO0000005381435|UMACOLLO||Variable|40|Prosegur||||
17120|WO0000005383297|ABANCAY||Variable|40|Prosegur||||
17124|WO0000005383671|SIGLO XX||Emergencia|32|Limtek||||
17125|WO0000005384750|PARQUE INDUSTRIAL (AREQUIPA)|S2|Flat|48|Accenture||||
17136|WO0000005384748|TOWN SITE||Variable|36|MR Express||||
17137|WO0000005384749|AREQUIPA||Variable|36|MR Express||||
17139|WO0000005383664|PARQUE INDUSTRIAL (AREQUIPA)||Emergencia|32|Limtek||||
17140|WO0000005383661|CUSCO||Variable|32|Limtek||||
17141|WO0000005381787|LA CULTURA||Variable|9|Cechriza||||
17143|WO0000005383603|MALL AVENTURA PLAZA AREQUIPA||Flat|48|Accenture||259.75|05202-072023|
17144|WO0000005384728|CERRO COLORADO||Variable|14|Construcciones Tolentino||||
17148|WO0000005387896|ILO||Rechazado|48|Accenture||||
17159|WO0000005389535|DIAGONAL|S3|Flat|48|Accenture||||
17162|WO0000005389537|DIAGONAL|S3|Flat|48|Accenture||||
17171|WO0000005387063|AREQUIPA|S3|Flat|48|Accenture||||
17175|WO0000005386631|LA NEGRITA||Emergencia|4|Alteliza||||
17178|WO0000005387439|DIAGONAL||Variable|48|Accenture||251|02105-072023|
17179|WO0000005386183|TACNA|Q2|Flat|48|Accenture||193.5|02149-072023|
17183|WO0000005387886|ILO|Q1|Flat|48|Accenture||370.5|02352-072023|
17188|WO0000005389010|LA NEGRITA||Variable|9|Cechriza||||
17190|WO0000005389018|LA NEGRITA||Variable|9|Cechriza||||
17193|WO0000005387864|EL PEDREGAL||Variable|40|Prosegur||||
17195|WO0000005392626|LARAPA|S3|Flat|48|Accenture||||
17197|WO0000005392632|LA NEGRITA|S3|Flat|48|Accenture||||
17198|WO0000005392629|LARAPA|S3|Flat|48|Accenture||||
17200|WO0000005392605|AREQUIPA|S3|Flat|48|Accenture||||
17201|WO0000005392604|AREQUIPA|S3|Flat|48|Accenture||||
17202|WO0000005392613|AREQUIPA|S3|Flat|48|Accenture||||
17203|WO0000005392624|LARAPA|S3|Flat|48|Accenture||||
17207|WO0000005391832|REAL PLAZA CUSCO|S3|Flat|48|Accenture||||
17212|WO0000005391267|EL PEDREGAL||Variable|4|Alteliza||||
17234|WO0000005391268|CAYMA||Variable|32|Limtek||||
17235|WO0000005390825|ANDAHUAYLAS||Variable|9|Cechriza||||
17241|WO0000005395996|TACNA||Rechazado||||||
17262|WO0000005394147|ILO|Q1|Flat|48|Accenture||804.63|01839-072023|
17269|WO0000005393551|SICUANI||Variable|4|Alteliza||||
17270|WO0000005393554|SICUANI||Variable|4|Alteliza||||
17280|WO0000005393804|LA NEGRITA||Variable|40|Prosegur||||
17284|WO0000005395986|SICUANI|S2|Flat|48|Accenture||||
17291|WO0000005395123|MOLLENDO|Q2|Flat|48|Accenture||110|03217-072023|
17294|WO0000005395574|ABANCAY||Variable|9|Cechriza||||
17295|WO0000005395570|ABANCAY||Variable|9|Cechriza||||
17319|WO0000005397623|HUAYRUROPATA||Variable|40|Prosegur||||
17350|WO0000005399153|EL PEDREGAL|Q2|Flat|48|Accenture||200|03625-072023|
17368|WO0000005401261|PUERTO MALDONADO|Q2|Flat|48|Accenture||155|03012-072023|
17369|WO0000005399601|CAYMA|S4|Flat|48|Accenture||||
17371|WO0000005400513|MOQUEGUA||Emergencia|48|Accenture||1250|03602-072023|
17373|WO0000005400512|ILO||Variable|48|Accenture||581.25|03635-072023|
17374|WO0000005400515|BUSTAMANTE Y RIVERO||Variable|32|Limtek||||
17377|WO0000005401586|JULIACA||Variable|16|Coorporacion R&M||||
17385|WO0000005398538|SAN ROMAN||Variable|14|Construcciones Tolentino||||
17386|WO0000005401585|SICUANI||Variable|14|Construcciones Tolentino||||
17390|WO0000005406113|AREQUIPA|S4|Flat|48|Accenture||||
17392|WO0000005406119|AREQUIPA|S4|Flat|48|Accenture||||
17393|WO0000005406137|ANDAHUAYLAS|Q2|Flat|48|Accenture||247.6|02612-072023|
17394|WO0000005406122|CAYMA|S4|Flat|48|Accenture||||
17395|WO0000005402415|MOLLENDO||Variable|48|Accenture||522|02648-072023|
17396|WO0000005402265|ILO||Variable|48|Accenture||686|02647-072023|
17399|WO0000005406115|AREQUIPA|S4|Flat|48|Accenture||||
17411|WO0000005403410|BUSTAMANTE Y RIVERO||Variable|40|Prosegur||||
17419|WO0000005404301|CAYMA|S4|Flat|48|Accenture||||
17420|WO0000005405286|ILO|Q2|Flat|48|Accenture||317|03026-072023|
17421|WO0000005406124|DIAGONAL||Emergencia|32|Limtek||||
17423|WO0000005404814|JAUREGUI||Variable|36|MR Express||||
17424|WO0000005406199|SAN CAMILO||Variable|48|Accenture||220|04297-072023|
17425|WO0000005405288|ILO|Q2|Flat|48|Accenture||402|03031-072023|
17428|WO0000005404330|ALTO DE LA ALIANZA||Variable|36|MR Express||||
17433|WO0000005409969|DIAGONAL|S4|Flat|48|Accenture||||
17437|WO0000005408312|JULIACA||Variable|40|Prosegur||||
17441|WO0000005409972|LA CULTURA|S3|Flat|48|Accenture||||
17442|WO0000005410618|JACOBO HUNTER|S4|Flat|48|Accenture||||
17443|WO0000005410619|CAYMA|S4|Flat|48|Accenture||||
17452|WO0000005411048|AREQUIPA|S4|Flat|48|Accenture||||
17453|WO0000005411050|AREQUIPA|S4|Flat|48|Accenture||||
17454|WO0000005411051|AREQUIPA|S4|Flat|48|Accenture||||
17457|WO0000005411055|JULIACA|Q2|Flat|48|Accenture||205|03025-072023|
17458|WO0000005410606|SAN ROMAN||Variable|40|Prosegur||||
17461|WO0000005411066|JULIACA|Q1|Flat|48|Accenture||145.5|03695-072023|
17463|WO0000005409980|ABANCAY||Variable|48|Accenture||1788.8|03770-072023|
17465|WO0000005411053|JULIACA|Q2|Flat|48|Accenture||231.75|03024-072023|
17466|WO0000005410649|LA CULTURA||Variable|9|Cechriza||||
17467|WO0000005411056|JULIACA|Q2|Flat|48|Accenture||||
17469|WO0000005411046|AREQUIPA||Flat|48|Accenture||||
17470|WO0000005411046|AREQUIPA||Variable|36|MR Express||||
17473|WO0000005409234|CAYMA||Variable|9|Cechriza||||
17474|WO0000005411031|CUSCO||Variable|48|Accenture||170|03318-082023|
17475|WO0000005410651|JULIACA||Variable|48|Accenture||170|03380-082023|
17476|WO0000005410665|TACNA||Variable|48|Accenture||170|03381-082023|
17477|WO0000005409205|PUERTO MALDONADO||Variable|48|Accenture||1214|03720-072023|
17491|WO0000005415538|MARIANO MELGAR|S3|Flat|48|Accenture||||
17492|WO0000005415537|MARIANO MELGAR|S3|Flat|48|Accenture||||
17494|WO0000005413861|PARQUE INDUSTRIAL (AREQUIPA)|S3|Flat|48|Accenture||||
17498|WO0000005413867|PARQUE INDUSTRIAL (AREQUIPA)|S3|Flat|48|Accenture||||
17499|WO0000005413238|CAYMA|S4|Flat|48|Accenture||||
17508|WO0000005413270|MARIANO MELGAR||Variable|9|Cechriza||||
17509|WO0000005413865|PARQUE INDUSTRIAL (AREQUIPA)||Variable|9|Cechriza||||
17550|WO0000005417379|AREQUIPA||Variable|9|Cechriza||||
17551|WO0000005418458|CAMANA||Variable|48|Accenture||252.5|04684-072023|
17557|WO0000005418031|AREQUIPA||Variable|9|Cechriza||||
17558|WO0000005418029|AREQUIPA||Variable|9|Cechriza||||
17561|WO0000005418026|AREQUIPA||Variable|9|Cechriza||||
17562|WO0000005418025|AREQUIPA||Variable|9|Cechriza||||
17566|WO0000005420487|JAUREGUI||Variable|48|Accenture||370.8|01666-082023|
17570|WO0000005422026|JAUREGUI||Rechazado|48|Accenture||||
17591|WO0000005422620|AREQUIPA|S1|Flat|48|Accenture||||
17592|WO0000005422618|AREQUIPA|S1|Flat|48|Accenture||||
17593|WO0000005422624|CERRO COLORADO|S1|Flat|48|Accenture||||
17598|WO0000005422611|LA CULTURA|S1|Flat|48|Accenture||||
17599|WO0000005422615|LA CULTURA|S1|Flat|48|Accenture||||
17602|WO0000005422067|DIAGONAL|S1|Flat|48|Accenture||||
17611|WO0000005424176|TACNA||Variable|9|Cechriza||||
17613|WO0000005423233|PUERTO MALDONADO||Emergencia|48|Accenture||862.65|05036-072023|
17614|WO0000005422076|LA MERCED (AREQUIPA)||Variable|48|Accenture||112.2|04586-072023|
17617|WO0000005421097|MARIANO MELGAR||Variable|40|Prosegur||||
17623|WO0000005423232|ABANCAY||Variable|32|Limtek||||
17624|WO0000005424178|TACNA||Variable|9|Cechriza||||
17625|WO0000005422654|ABANCAY||Flat|48|Accenture||227|01667-082023|
17626|WO0000005422654|ABANCAY||Variable|14|Construcciones Tolentino||||
17627|WO0000005422029|JAUREGUI||Variable|48|Accenture||475|01665-082023|
17628|WO0000005423242|MOQUEGUA||Emergencia|48|Accenture||590|03579-082023|
17629|WO0000005423234|MOQUEGUA||Emergencia|48|Accenture||1250|03578-082023|
17654|WO0000005428104|LA NEGRITA|S1|Flat|48|Accenture||||
17656|WO0000005428578|CAYMA|S1|Flat|48|Accenture||||
17657|WO0000005428544|LA CULTURA|S1|Flat|48|Accenture||||
17659|WO0000005426301|MALL AVENTURA PLAZA AREQUIPA|S1|Flat|48|Accenture||||
17660|WO0000005427586|CUSCO|S1|Flat|48|Accenture||||
17685|WO0000005427007|SOCABAYA|S1|Flat|48|Accenture||466.27|05175-072023|
17687|WO0000005428932|QUILLABAMBA||Variable|40|Prosegur||||
17688|WO0000005428933|QUILLABAMBA||Variable|40|Prosegur||||
17689|WO0000005427006|SOCABAYA|S1|Flat|48|Accenture||466.27|04964-072023|
17690|WO0000005428546|JULIACA||Variable|32|Limtek||||
17691|WO0000005428500|ILO|Q1|Flat|48|Accenture||440.5|05171-072023|
17692|WO0000005428120|LA NEGRITA||Variable|14|Construcciones Tolentino||||
17712|WO0000005431220|AREQUIPA|S1|Flat|48|Accenture||||
17718|WO0000005432257|SAN ROMAN|Q1|Flat|48|Accenture||164|03773-072023|
17721|WO0000005432258|SAN ROMAN|Q1|Flat|48|Accenture||269|03774-072023|
17725|WO0000005432267|ALTO DE LA ALIANZA|Q1|Flat|48|Accenture||670|04916-072023|
17726|WO0000005432263|TACNA|Q1|Flat|48|Accenture||328.5|04830-072023|
17727|WO0000005432299|LARAPA|S1|Flat|48|Accenture||||
17728|WO0000005432276|ILO|Q1|Flat|48|Accenture||446.5|04562-072023|
17729|WO0000005432274|ILO|Q1|Flat|48|Accenture||275.5|04516-072023|
17732|WO0000005430894|JULIACA||Variable|9|Cechriza||||
17744|WO0000005433190|MALL AVENTURA PLAZA AREQUIPA||Rechazado|48|Accenture||||
17746|WO0000005434267|JAUREGUI||Rechazado|48|Accenture||||
17769|WO0000005433162|CAYMA|S1|Flat|48|Accenture||||
17794|WO0000005434703|URUBAMBA||Variable|48|Accenture||491.8|05206-072023|
17796|WO0000005435279|SAN ROMAN|Q1|Flat|48|Accenture||324.9|04611-072023|
17797|WO0000005434266|LARAPA||Variable|32|Limtek||||
17798|WO0000005435253|SAN ROMAN|Q1|Flat|48|Accenture||294.1|05194-072023|
17799|WO0000005434279|LA NEGRITA||Variable|9|Cechriza||||
17803|WO0000005433146|AREQUIPA||Flat|48|Accenture||899.72|00857-082023|
17804|WO0000005433195|MALL AVENTURA PLAZA AREQUIPA||Variable|9|Cechriza||||
17806|WO0000005435258|CAYMA||Indeci|48|Accenture||||
17807|WO0000005435257|SAN ROMAN||Flat|48|Accenture||216|05201-072023|
17809|WO0000005437668|AREQUIPA||Rechazado|48|Accenture||||
17814|WO0000005437161|CUSCO||Rechazado|48|Accenture||||
17829|WO0000005438714|SICUANI||Variable|48|Accenture||||
17830|WO0000005437052|PARQUE INDUSTRIAL (AREQUIPA)||Variable|40|Prosegur||||
17832|WO0000005437164|AREQUIPA||Variable|36|MR Express||||
17857|WO0000005437611|AREQUIPA||Flat|48|Accenture||157.5|00839-082023|
17868|WO0000005441358|AREQUIPA||Variable|36|MR Express||||
17876|WO0000005442560|SAN ROMAN||Rechazado||||||
17877|WO0000005442562|SAN ROMAN||Rechazado||||||
17890|WO0000005443004|AREQUIPA||Variable|32|Limtek||||
17894|WO0000005443078|CUSCO||Variable|40|Prosegur||||
17900|WO0000005443924|ILO||Emergencia|48|Accenture||14000|00319-082023|
17901|WO0000005443627|SAN ROMAN||Variable|32|Limtek||||
17902|WO0000005443005|ANDAHUAYLAS||Emergencia|48|Accenture||1300|00316-082023|
17903|WO0000005443630|QUILLABAMBA||Emergencia|48|Accenture||1300|00310-082023|
17904|WO0000005442528|SAN ROMAN||Variable|9|Cechriza||||
17910|WO0000005442526|SAN ROMAN||Variable|9|Cechriza||||
17911|WO0000005442524|SAN ROMAN||Variable|9|Cechriza||||
17912|WO0000005442586|PUNO||Variable|14|Construcciones Tolentino||||
17913|WO0000005442592|PUNO||Variable|14|Construcciones Tolentino||||
17914|WO0000005443024|ILO|Q1|Flat|48|Accenture||212|00491-082023|
17917|WO0000005443006|JULIACA||Variable|32|Limtek||||
17918|WO0000005443001|ABANCAY|Q1|Flat|48|Accenture||133|02284-082023|
17919|WO0000005442529|SAN ROMAN||Variable|9|Cechriza||||
17920|WO0000005442522|SAN ROMAN||Variable|9|Cechriza||||
17921|WO0000005442581|PUNO||Variable|14|Construcciones Tolentino||||
17922|WO0000005444737|ILO||Variable|16|Coorporacion R&M||||
17924|WO0000005445291|PARQUE INDUSTRIAL (AREQUIPA)||Variable|40|Prosegur||COSTO CERO||
17926|WO0000005445200|JAUREGUI||Variable|40|Prosegur||COSTO CERO||
17927|WO0000005445404|JAUREGUI||Variable|40|Prosegur||COSTO CERO||
17936|WO0000005446665|TACNA||Rechazado||||||
17937|WO0000005446697|SAN ROMAN||Rechazado||||||
17938|WO0000005446659|TACNA||Rechazado||||||
17939|WO0000005446910|UMACOLLO||Rechazado||||||
17940|WO0000005446904|SAN ROMAN||Rechazado||||||
17941|WO0000005446902|SAN ROMAN||Rechazado||||||
17942|WO0000005446698|SAN ROMAN||Rechazado||||||
17943|WO0000005446901|SAN ROMAN||Rechazado||||||
17949|WO0000005447772|CUSCO||Variable|40|Prosegur||COSTO CERO||
17965|WO0000005448260|PUNO||Emergencia|48|Accenture||||
17966|WO0000005446909|UMACOLLO||Variable|48|Accenture||140.5|00842-082023|
17967|WO0000005446119|EL PEDREGAL|Q1|Flat|48|Accenture||152.5|00044-082023|
17972|WO0000005446668|ABANCAY||Variable|14|Construcciones Tolentino||||
17975|WO0000005448262|JULIACA||Variable|32|Limtek||||
17976|WO0000005446548|SOCABAYA||Variable|32|Limtek||||
17977|WO0000005448257|JAUREGUI||Variable|32|Limtek||||
17978|WO0000005448256|ALTO DE LA ALIANZA||Variable|32|Limtek||||
17979|WO0000005448254|TACNA||Variable|32|Limtek||||
18008|WO0000005452104|CAYMA||Variable|4|Alteliza||||
18017|WO0000005451161|AREQUIPA|S1|Flat|48|Accenture||COSTO CERO||
18018|WO0000005450733|JAUREGUI||Variable|48|Accenture||1701|01253-082023|
18023|WO0000005450245|ABANCAY||Variable|14|Construcciones Tolentino||||
18028|WO0000005450732|SOCABAYA||Variable|32|Limtek||||
18029|WO0000005452102|DIAGONAL||Variable|32|Limtek||||
18030|WO0000005452105|AREQUIPA||Variable|32|Limtek||||
18031|WO0000005451636|BOLOGNESI||Variable|40|Prosegur||||
18055|WO0000005454131|QUILLABAMBA||Variable|48|Accenture||305|01258-082023|
18058|WO0000005455256|CAYMA||Flat|48|Accenture||281|01040-082023|
18060|WO0000005455210|TACNA||Variable|9|Cechriza||||
18064|WO0000005452954|BOLOGNESI||Variable|14|Construcciones Tolentino||||
18066|WO0000005453401|TACNA||Variable|14|Construcciones Tolentino||||
18067|WO0000005453421|CERRO COLORADO||Flat|48|Accenture||||
18071|WO0000005458212|PUNO||Emergencia|48|Accenture||1285|00859-082023|
18072|WO0000005458213|CAMANA||Variable|48|Accenture||153.75|01668-082023|
18074|WO0000005455676|BUSTAMANTE Y RIVERO||Variable|40|Prosegur||||
18075|WO0000005458241|PUERTO MALDONADO||Variable|48|Accenture||383|03581-082023|
18076|WO0000005455924|LA NEGRITA||Variable|40|Prosegur||||
18077|WO0000005458228|SAN ROMAN||Variable|32|Limtek||||
18078|WO0000005458214|MARIANO MELGAR||Variable|32|Limtek||||
18084|WO0000005460219|ALTO DE LA ALIANZA||Rechazado||||||
18133|WO0000005461026|JACOBO HUNTER||Variable|48|Accenture||||
18135|WO0000005462041|MOLLENDO|Q1|Flat|48|Accenture||||
18139|WO0000005460212|AREQUIPA||Variable|49|TGestiona||||
18140|WO0000005459725|HUAYRUROPATA||Variable|32|Limtek||||
18141|WO0000005459720|CUSCO||Variable|32|Limtek||||
18142|WO0000005459719|ILO||Variable|32|Limtek||||
18143|WO0000005459786|TOWN SITE||Flat|48|Accenture||307.5|03222-082023|
18144|WO0000005466582|PUERTO MALDONADO||Rechazado||||||
18145|WO0000005466584|PUERTO MALDONADO||Rechazado||||||
18147|WO0000005466590|CAYMA||Rechazado|48|Accenture||||
18156|WO0000005466151|SICUANI||Variable|40|Prosegur||||
18164|WO0000005465568|MOLLENDO||Variable|40|Prosegur||||
18176|WO0000005466565|AREQUIPA||Variable|4|Alteliza||||
18177|WO0000005464343|EL PEDREGAL|Q1|Flat|48|Accenture||164|01276-082023|
18178|WO0000005466598|AREQUIPA||Variable|36|MR Express||||
18179|WO0000005464378|EL PEDREGAL|Q1|Flat|48|Accenture||114.5|01278-082023|
18180|WO0000005464374|EL PEDREGAL|Q1|Flat|48|Accenture||111|01279-082023|
18182|WO0000005464393|EL PEDREGAL||Flat|48|Accenture||347.5|02223-082023|
18184|WO0000005466559|AREQUIPA||Variable|48|Accenture||||
18187|WO0000005466567|ILO||Variable|32|Limtek||||
18190|WO0000005465159|MOLLENDO||Variable|48|Accenture||||
18197|WO0000005469695|SOCABAYA||Rechazado||||||
18221|WO0000005469607|DIAGONAL|S2|Flat|48|Accenture||||
18222|WO0000005469688|CUSCO|S1|Flat|48|Accenture||||
18224|WO0000005468794|JACOBO HUNTER|S2|Flat|48|Accenture||273.5|01282-082023|
18226|WO0000005468252|EL PEDREGAL||Variable|48|Accenture||CAJA CHICA||
18229|WO0000005468206|CUSCO||Variable|48|Accenture||115|01671-082023|
18231|WO0000005470070|EL PEDREGAL||Variable|49|TGestiona||||
18232|WO0000005468250|PUERTO MALDONADO||Variable|48|Accenture||1676|03317-082023|
18242|WO0000005468722|UMACOLLO||Flat|48|Accenture||203|02140-082023|
18243|WO0000005468279|CAYMA||Variable|48|Accenture||691|02404-082023|
18246|WO0000005468761|PUNO||Rechazado|48|Accenture||||
18247|WO0000005468714|UMACOLLO||Flat|48|Accenture||474.53|04380-082023|
18278|WO0000005473438|ANDAHUAYLAS||Variable|48|Accenture||160|02094-082023|
18279|WO0000005473433|JULIACA||Variable|4|Alteliza||||
18280|WO0000005473434|SAN ROMAN||Variable|4|Alteliza||||
18281|WO0000005472986|PUERTO MALDONADO||Variable|40|Prosegur||||
18282|WO0000005473472|SOCABAYA||Variable|14|Construcciones Tolentino||||
18285|WO0000005472012|CAYMA||Variable|53|Trazaidea||||
18291|WO0000005472410|SOCABAYA||Variable|9|Cechriza||||
18292|WO0000005472407|SOCABAYA||Variable|9|Cechriza||||
18293|WO0000005472991|EL PEDREGAL||Variable|9|Cechriza||||
18294|WO0000005472039|CAYMA|S1|Flat|48|Accenture||335.2|02414-082023|
18295|WO0000005473938|ILO||Variable|48|Accenture||100|03544-082023|
18298|WO0000005471600|TACNA|Q2|Flat|48|Accenture||160|03260-082023|
18299|WO0000005473432|UMACOLLO||Variable|32|Limtek||||
18300|WO0000005472428|PUERTO MALDONADO|Q2|Flat|48|Accenture||205|03257-082023|
18303|WO0000005475737|MALL AVENTURA PLAZA AREQUIPA||Rechazado|9|Cechriza||||
18318|WO0000005476628|LARAPA|S2|Flat|48|Accenture||||
18320|WO0000005476626|DIAGONAL|S2|Flat|48|Accenture||||
18337|WO0000005474994|AREQUIPA||Variable|48|Accenture||470|01814-082023|
18339|WO0000005474993|AREQUIPA|S3|Flat|48|Accenture||269|02428-082023|
18344|WO0000005476663|MARIANO MELGAR||Variable|16|Coorporacion R&M||||
18345|WO0000005476167|AREQUIPA||Variable|48|Accenture||282.5|01811-082023|
18352|WO0000005476132|LA MERCED (AREQUIPA)||Variable|40|Prosegur||||
18355|WO0000005474991|AREQUIPA|S3|Flat|48|Accenture||718|02439-082023|
18357|WO0000005475709|CERRO COLORADO||Variable|32|Limtek||||
18366|WO0000005480043|LA NEGRITA||Variable|40|Prosegur||||
18371|WO0000005479777|ABANCAY|Q2|Flat|48|Accenture||631|02231-082023|
18373|WO0000005479785|TACNA||Variable|40|Prosegur||||
18377|WO0000005479776|ABANCAY|Q2|Flat|48|Accenture||502|04379-082023|
18381|WO0000005484207|MOQUEGUA||Rechazado||||||
18397|WO0000005482310|LA CULTURA|S2|Flat|48|Accenture||||
18401|WO0000005484278|TACNA|Q2|Flat|48|Accenture||114.8|02743-082023|
18403|WO0000005482321|AGUAS CALIENTES||Variable|48|Accenture||430.3|02282-082023|
18405|WO0000005482319|AGUAS CALIENTES|Q2|Flat|48|Accenture||135.6|02754-082023|
18409|WO0000005482381|PUNO||Variable|9|Cechriza||COSTO CERO||
18414|WO0000005481788|ILO||Variable|32|Limtek||||
18415|WO0000005481787|PUNO||Variable|4|Alteliza||||
18416|WO0000005484208|JACOBO HUNTER||Variable|4|Alteliza||||
18417|WO0000005483325|PUERTO MALDONADO||Emergencia|48|Accenture||684.19|04570-082023|
18418|WO0000005483327|MOQUEGUA||Emergencia|48|Accenture||796|04576-082023|
18419|WO0000005481790|LA CULTURA||Variable|32|Limtek||||
18420|WO0000005484276|CAYMA||Variable|9|Cechriza||||
18423|WO0000005483633|CERRO COLORADO||Variable|9|Cechriza||||
18424|WO0000005483629|CERRO COLORADO||Variable|9|Cechriza||||
18425|WO0000005488468|JULIACA||Rechazado|14|Construcciones Tolentino||||
18429|WO0000005487603|AREQUIPA|S3|Flat|48|Accenture||||
18432|WO0000005487128|QUILLABAMBA|S3|Flat|48|Accenture||||
18433|WO0000005487120|ALTO DE LA ALIANZA||Variable|36|MR Express||||
18434|WO0000005487136|AREQUIPA|S3|Flat|48|Accenture||||
18435|WO0000005487132|AREQUIPA|S3|Flat|48|Accenture||||
18442|WO0000005488735|URUBAMBA|Q2|Flat|48|Accenture||||
18443|WO0000005489076|MARIANO MELGAR|S3|Flat|48|Accenture||||
18445|WO0000005488719|URUBAMBA|Q2|Flat|48|Accenture||||
18446|WO0000005489078|MARIANO MELGAR|S3|Flat|48|Accenture||||
18447|WO0000005488709|URUBAMBA|Q2|Flat|48|Accenture||||
18456|WO0000005486490|CAMANA|Q1|Flat|48|Accenture||115|02824-082023|
18463|WO0000005489339|CUSCO||Variable|14|Construcciones Tolentino||||
18465|WO0000005489317|JACOBO HUNTER||Variable|53|Trazaidea||||
18468|WO0000005489325|TACNA|Q2|Flat|48|Accenture||203.5|03265-082023|
18469|WO0000005489701|SAN ROMAN||Variable|4|Alteliza||||
18470|WO0000005489700|JULIACA||Variable|4|Alteliza||||
18506|WO0000005492379|PUNO||Variable|9|Cechriza||||
18507|WO0000005490882|MOLLENDO||Variable|48|Accenture||76.5|03395-082023|
18512|WO0000005491422|CAMANA|Q2|Flat|48|Accenture||336|02830-082023|
18517|WO0000005493242|AREQUIPA|S3|Flat|48|Accenture||||
18518|WO0000005491455|CERRO COLORADO||Flat|48|Accenture||120|00177-102023|
18530|WO0000005493243|AREQUIPA||Variable|48|Accenture||1271.5|00813-092023|
18545|WO0000005495604|PUERTO MALDONADO|Q2|Flat|48|Accenture||731|02143-082023|
18550|WO0000005495133|AREQUIPA|S4|Flat|48|Accenture||||
18552|WO0000005496429|AREQUIPA|S4|Flat|48|Accenture||||
18581|WO0000005496426|AREQUIPA|S4|Flat|48|Accenture||135.9|03572-082023|
18582|WO0000005496137|CERRO COLORADO||Variable|32|Limtek||||
18583|WO0000005496140|ALTO DE LA ALIANZA||Variable|32|Limtek||||
18584|WO0000005496901|JAUREGUI|Q2|Flat|48|Accenture||145|03394-082023|
18585|WO0000005496145|LA NEGRITA||Variable|32|Limtek||||
18586|WO0000005495119|AREQUIPA||Variable|32|Limtek||||
18587|WO0000005495107|MALL AVENTURA PLAZA AREQUIPA||Variable|32|Limtek||||
18589|WO0000005496467|AREQUIPA|S4|Flat|48|Accenture||73.4|04383-082023|
18594|WO0000005496973|CAYMA||Variable|48|Accenture||115|04096-082023|
18640|WO0000005501489|LARAPA||Variable|40|Prosegur||||
18641|WO0000005501427|TACNA||Flat|48|Accenture||1348.5|00403-092023|
18642|WO0000005499980|MOQUEGUA||Variable|16|Coorporacion R&M||||
18653|WO0000005503155|CUAJONE||Variable|40|Prosegur||||
18654|WO0000005503686|ANDAHUAYLAS||Variable|40|Prosegur||||
18655|WO0000005503694|SAN ROMAN||Variable|40|Prosegur||||
18657|WO0000005508006|LARAPA||Rechazado|40|Prosegur||||
18677|WO0000005506706|SICUANI||Variable|40|Prosegur||||
18681|WO0000005504489|ABANCAY|Q2|Flat|48|Accenture||84.48|03219-082023|
18687|WO0000005505254|CUSCO|S4|Flat|48|Accenture||128|03570-082023|
18689|WO0000005506747|CERRO COLORADO|S3|Flat|48|Accenture||||
18694|WO0000005506370|PUNO||Emergencia|48|Accenture||1213.1400000000001|04579-082023|
18695|WO0000005506364|SAN ROMAN||Emergencia|48|Accenture||1409.75|04581-082023|
18696|WO0000005506713|SICUANI|Q2|Flat|48|Accenture||436.5|03580-082023|
18697|WO0000005506369|MOQUEGUA||Emergencia|48|Accenture||796|04588-082023|
18698|WO0000005506704|SICUANI|Q2|Flat|48|Accenture||171.05|04494-082023|
18700|WO0000005505262|SICUANI||Variable|48|Accenture||310|04894-082023|
18703|WO0000005506362|LARAPA||Variable|32|Limtek||||
18705|WO0000005508008|LARAPA||Variable|14|Construcciones Tolentino||||
18706|WO0000005505268|SICUANI||Variable|48|Accenture||173.9|04396-092023|
18710|WO0000005505256|LARAPA||Flat|48|Accenture||211.3|00427-092023|
18711|WO0000005505287|SICUANI||Variable|48|Accenture||453.5|00142-092023|
18713|WO0000005508007|LARAPA||Variable|40|Prosegur||||
18715|WO0000005510326|CUSCO||Rechazado|48|Accenture||||
18739|WO0000005509873|LA NEGRITA||Variable|40|Prosegur||||
18746|WO0000005509282|MOLLENDO||Variable|14|Construcciones Tolentino||||
18747|WO0000005509875|LA NEGRITA|S4|Flat|48|Accenture||||
18757|WO0000005510366|DIAGONAL||Variable|4|Alteliza||||
18758|WO0000005510368|JULIACA||Variable|4|Alteliza||||
18760|WO0000005509283|MOLLENDO|Q1|Flat|48|Accenture||108|03573-082023|
18762|WO0000005509275|MOLLENDO|Q1|Flat|48|Accenture||81.5|03575-082023|
18771|WO0000005509807|LA NEGRITA||Flat|48|Accenture||79|00655-092023|
18773|WO0000005509871|LA NEGRITA||Variable|14|Construcciones Tolentino||||
18789|WO0000005514768|LA CULTURA|S3|Flat|48|Accenture||389.48|04341-082023|
18794|WO0000005515855|ALTO DE LA ALIANZA|Q1|Flat|48|Accenture||163.6|03577-082023|
18797|WO0000005514766|MOQUEGUA||Emergencia|48|Accenture||646|04584-082023|
18799|WO0000005514761|JULIACA||Variable|9|Cechriza||||
18802|WO0000005515365|MARIANO MELGAR||Flat|48|Accenture||57|05348-082023|
18803|WO0000005515863|ALTO DE LA ALIANZA|Q1|Flat|48|Accenture||614|04765-082023|
18805|WO0000005516820|LARAPA||Variable|48|Accenture||167.6|00425-092023|
18806|WO0000005515882|ALTO DE LA ALIANZA||Flat|48|Accenture||142.5|02145-092023|
18807|WO0000005515861|ALTO DE LA ALIANZA||Flat|48|Accenture||||
18827|WO0000005517989|JACOBO HUNTER|S4|Flat|48|Accenture||||
18836|WO0000005517978|AREQUIPA|S4|Flat|48|Accenture||||
18839|WO0000005517948|CUSCO|S4|Flat|48|Accenture||||
18842|WO0000005519090|CUSCO|S4|Flat|48|Accenture||||
18849|WO0000005519381|AREQUIPA|S4|Flat|48|Accenture||110|04407-082023|
18850|WO0000005517995|MOLLENDO|Q1|Flat|48|Accenture||227|03576-082023|
18853|WO0000005517987|CAYMA||Variable|4|Alteliza||||
18859|WO0000005517982|JULIACA||Variable|4|Alteliza||||
18866|WO0000005519390|LA CULTURA|S1|Flat|48|Accenture||170|04425-082023|
18868|WO0000005519071|BUSTAMANTE Y RIVERO||Flat|48|Accenture||415.5|04399-082023|
18873|WO0000005517990|MOLLENDO||Variable|48|Accenture||61|05345-082023|
18874|WO0000005517996|LA CULTURA||Variable|48|Accenture||||
18879|WO0000005519032|BUSTAMANTE Y RIVERO||Flat|48|Accenture||469.6|04884-082023|
18880|WO0000005517952|SOCABAYA||Variable|9|Cechriza||||
18883|WO0000005518364|MOLLENDO||Variable|14|Construcciones Tolentino||||
18884|WO0000005518363|MOLLENDO||Variable|14|Construcciones Tolentino||||
18925|WO0000005525213|TACNA|Q1|Flat|48|Accenture||109.15|04444-082023|
18927|WO0000005524361|MARIANO MELGAR||Variable|40|Prosegur||||
18928|WO0000005524357|MARIANO MELGAR||Variable|40|Prosegur||||
18954|WO0000005526584|BUSTAMANTE Y RIVERO||Variable|53|Trazaidea||||
18956|WO0000005526813|PUERTO MALDONADO||Variable|48|Accenture||501|00423-092023|
18957|WO0000005526812|PUERTO MALDONADO|Q1|Flat|48|Accenture||797|01762-092023|
18960|WO0000005531683|MALL AVENTURA PLAZA AREQUIPA||Rechazado||||||
18961|WO0000005529043|ABANCAY||Rechazado|48|Accenture||||
18966|WO0000005529092|LA CULTURA|S1|Flat|48|Accenture||||
18967|WO0000005529065|CAYMA|S1|Flat|48|Accenture||||
18968|WO0000005529063|CAYMA|S1|Flat|48|Accenture||||
18969|WO0000005529084|LA CULTURA|S1|Flat|48|Accenture||||
18970|WO0000005529060|AREQUIPA|S4|Flat|48|Accenture||||
18971|WO0000005529061|AREQUIPA|S4|Flat|48|Accenture||||
18972|WO0000005529087|LA CULTURA|S1|Flat|48|Accenture||||
18973|WO0000005527999|LA NEGRITA|S1|Flat|48|Accenture||87|04449-082023|
18974|WO0000005529039|ABANCAY|Q1|Flat|48|Accenture||||
18990|WO0000005529047|URUBAMBA|Q1|Flat|48|Accenture||141|01629-102023|
19001|WO0000005529578|PUERTO MALDONADO||Variable|36|MR Express||||
19003|WO0000005529048|TACNA||Emergencia|48|Accenture||1715|00145-092023|
19008|WO0000005529021|CAMANA||Variable|40|Prosegur||||
19013|WO0000005535569|SICUANI||Rechazado||||||
19014|WO0000005536303|BOLOGNESI||Rechazado|48|Accenture||||
19022|WO0000005535998|BOLOGNESI||Rechazado|48|Accenture||||
19024|WO0000005536300|BOLOGNESI||Rechazado|48|Accenture||||
19031|WO0000005535572|SICUANI||Variable|4|Alteliza||||
19041|WO0000005535598|LA CULTURA|S1|Flat|48|Accenture||||
19042|WO0000005535592|CUSCO|S1|Flat|48|Accenture||||
19045|WO0000005535586|CUSCO|S1|Flat|48|Accenture||||
19047|WO0000005535900|LA CULTURA|S1|Flat|48|Accenture||||
19091|WO0000005534256|MALL AVENTURA PLAZA AREQUIPA||Variable|9|Cechriza||||
19093|WO0000005533320|AREQUIPA|S1|Flat|48|Accenture||||
19101|WO0000005535568|SICUANI|S1|Flat|48|Accenture||149.38|00434-092023|
19104|WO0000005535580|PUNO||Variable|4|Alteliza||||
19106|WO0000005533357|URUBAMBA||Emergencia|48|Accenture||1311.7|00349-092023|
19108|WO0000005534628|CAYMA|S1|Flat|48|Accenture||188.5|04953-082023|
19110|WO0000005533335|CUSCO||Variable|48|Accenture||||
19117|WO0000005535570|SICUANI||Variable|48|Accenture||253.36|01062-092023|
19121|WO0000005534640|SOCABAYA||Variable|32|Limtek||||
19122|WO0000005533363|CERRO COLORADO||Variable|32|Limtek||||
19134|WO0000005538847|AREQUIPA||Rechazado||||||
19141|WO0000005538864|MARIANO MELGAR||Rechazado||||||
19146|WO0000005537473|AREQUIPA|S1|Flat|48|Accenture||||
19148|WO0000005538254|AREQUIPA||Rechazado|48|Accenture||||
19149|WO0000005537975|MARIANO MELGAR||Rechazado||||||
19198|WO0000005540342|LARAPA|S1|Flat|48|Accenture||||
19205|WO0000005538248|AREQUIPA|S1|Flat|48|Accenture||||
19210|WO0000005537475|AREQUIPA|S1|Flat|48|Accenture||||
19212|WO0000005537467|AREQUIPA|S1|Flat|48|Accenture||||
19218|WO0000005536973|AREQUIPA||Variable|4|Alteliza||||
19219|WO0000005536983|JULIACA||Emergencia|48|Accenture||2139.59|00353-092023|
19226|WO0000005537417|BOLOGNESI|Q2|Flat|48|Accenture||160|00428-092023|
19231|WO0000005539587|TACNA|Q1|Flat|48|Accenture||138|05338-082023|
19232|WO0000005539811|CAYMA||Rechazado||||||
19233|WO0000005537479|JULIACA||Variable|14|Construcciones Tolentino||||
19235|WO0000005539812|CUSCO||Variable|32|Limtek||||
19238|WO0000005539823|ANDAHUAYLAS|Q1|Flat|48|Accenture||141.9|01884-102023|
19239|WO0000005539824|MOQUEGUA||Flat|48|Accenture||382|00127-092023|
19240|WO0000005539828|MOQUEGUA||Flat|48|Accenture||221|00126-092023|
19241|WO0000005539818|TACNA|Q1|Flat|48|Accenture||60|02146-092023|
19246|WO0000005539857|MOQUEGUA||Flat|48|Accenture||491|00129-092023|
19247|WO0000005539850|MOQUEGUA||Flat|48|Accenture||110|02202-092023|
19263|WO0000005545422|AREQUIPA||Variable|40|Prosegur||||
19264|WO0000005545477|CUSCO||Rechazado||||||
19266|WO0000005544910|JULIACA||Rechazado||||||
19294|WO0000005546460|TACNA||Variable|48|Accenture||240|04672-092023|
19298|WO0000005546084|SIGLO XX||Variable|48|Accenture||180|04670-092023|
19300|WO0000005546083|ALTO DE LA ALIANZA||Variable|48|Accenture||||
19302|WO0000005546082|HUAYRUROPATA||Variable|48|Accenture||420|04669-092023|
19304|WO0000005545454|AREQUIPA|S1|Flat|48|Accenture||||
19306|WO0000005546039|AREQUIPA|S1|Flat|48|Accenture||||
19310|WO0000005546060|MALL AVENTURA PLAZA AREQUIPA|S1|Flat|48|Accenture||||
19311|WO0000005546087|LA NEGRITA|S1|Flat|48|Accenture||||
19313|WO0000005546463|LA NEGRITA|S1|Flat|48|Accenture||||
19319|WO0000005546808|DIAGONAL|S1|Flat|48|Accenture||||
19327|WO0000005546093|BOLOGNESI|Q2|Flat|48|Accenture||85.8|00429-092023|
19328|WO0000005547431|CAYMA||Flat|48|Accenture||494.5|00146-092023|
19329|WO0000005546050|BOLOGNESI|Q2|Flat|48|Accenture||304.8|00631-092023|
19330|WO0000005546073|BOLOGNESI|Q2|Flat|48|Accenture||104.7|00130-092023|
19331|WO0000005545490|BOLOGNESI|Q2|Flat|48|Accenture||374.76|00647-092023|
19333|WO0000005545445|AREQUIPA||Flat|48|Accenture||299.2|00424-092023|
19334|WO0000005547453|CAYMA||Flat|48|Accenture||244.4|01065-092023|
19335|WO0000005547435|CAYMA||Flat|48|Accenture||237.5|00422-092023|
19336|WO0000005546063|BOLOGNESI|Q2|Flat|48|Accenture||782.7|00656-092023|
19337|WO0000005545483|BOLOGNESI|Q2|Flat|48|Accenture||965.85|00640-092023|
19338|WO0000005545469|AREQUIPA|S2|Flat|48|Accenture||||
19339|WO0000005545469|AREQUIPA||Variable|53|Trazaidea||||
19340|WO0000005546058|BOLOGNESI|Q2|Flat|48|Accenture||623.4|00641-092023|
19341|WO0000005546065|BOLOGNESI|Q2|Flat|48|Accenture||401.1|00844-092023|
19342|WO0000005546067|MALL AVENTURA PLAZA AREQUIPA||Flat|48|Accenture||||
19343|WO0000005546061|BOLOGNESI|Q2|Flat|48|Accenture||425.5|00859-092023|
19347|WO0000005547429|CAYMA||Flat|48|Accenture||520|02704-092023|
19348|WO0000005545485|AREQUIPA||Variable|9|Cechriza||||
19349|WO0000005546436|MALL AVENTURA PLAZA AREQUIPA||Variable|48|Accenture||CAJA CHICA||
19350|WO0000005545419|AREQUIPA||Variable|40|Prosegur||||
19351|WO0000005545459|ILO||Flat|48|Accenture||124.8|00078-102023|
19354|WO0000005550165|SAN CAMILO||Rechazado|48|Accenture||||
19355|WO0000005550175|SAN CAMILO||Rechazado|48|Accenture||||
19357|WO0000005550691|MARIANO MELGAR||Rechazado||||||
19360|WO0000005549457|CAYMA||Rechazado|48|Accenture||||
19363|WO0000005549452|PARQUE INDUSTRIAL (AREQUIPA)||Rechazado|48|Accenture||||
19374|WO0000005549822|AREQUIPA|S1|Flat|48|Accenture||||
19375|WO0000005549485|AREQUIPA|S1|Flat|48|Accenture||||
19397|WO0000005549439|MOQUEGUA||Emergencia|48|Accenture||510|00351-092023|
19402|WO0000005549447|URUBAMBA||Variable|4|Alteliza||||
19405|WO0000005549881|CERRO COLORADO|S1|Flat|48|Accenture||198|05357-082023|
19415|WO0000005549476|SAN CAMILO||Flat|48|Accenture||117.8|00132-092023|
19418|WO0000005549487|SAN CAMILO||Flat|48|Accenture||260|00133-092023|
19419|WO0000005549443|LA CULTURA||Variable|32|Limtek||||
19421|WO0000005549402|SAN CAMILO||Flat|48|Accenture||170.6|00134-092023|
19422|WO0000005549406|SAN CAMILO||Flat|48|Accenture||260|00143-092023|
19426|WO0000005549446|PUNO||Variable|4|Alteliza||||
19427|WO0000005550697|MARIANO MELGAR||Flat|48|Accenture||287|00657-092023|
19432|WO0000005550680|MARIANO MELGAR||Flat|48|Accenture||508|01681-092023|
19433|WO0000005550668|MARIANO MELGAR||Flat|48|Accenture||694|02097-092023|
19435|WO0000005549014|QUILLABAMBA||Variable|16|Coorporacion R&M||||
19436|WO0000005549496|SAN CAMILO||Flat|48|Accenture||106|03410-092023|
19440|WO0000005551478|DIAGONAL||Rechazado||||||
19441|WO0000005551486|CAYMA||Rechazado|4|Alteliza||||
19444|WO0000005551492|CUSCO||Variable|4|Alteliza||||
19445|WO0000005551490|AREQUIPA||Variable|4|Alteliza||||
19446|WO0000005551482|AREQUIPA||Variable|48|Accenture||CAJA CHICA||
19447|WO0000005551484|LA NEGRITA||Variable|48|Accenture||740|01742-092023|
19449|WO0000005555217|PUERTO MALDONADO||Rechazado|48|Accenture||||
19453|WO0000005556405|LA MERCED (AREQUIPA)||Rechazado|48|Accenture||||
19454|WO0000005555297|CAYMA||Rechazado|14|Construcciones Tolentino||||
19458|WO0000005553846|HUAYRUROPATA||Variable|40|Prosegur||||
19476|WO0000005556421|MARIANO MELGAR|S1|Flat|48|Accenture||66|00654-092023|
19493|WO0000005553891|SAN ROMAN||Emergencia|48|Accenture||804.91|03656-092023|
19496|WO0000005553889|LARAPA||Emergencia|48|Accenture||530.62|03655-092023|
19497|WO0000005553892|SOCABAYA||Variable|32|Limtek||||
19498|WO0000005556080|QUILLABAMBA|S2|Flat|48|Accenture||323|00866-092023|
19499|WO0000005554597|ILO|Q2|Flat|48|Accenture||311|02649-092023|
19500|WO0000005555715|UMACOLLO|S2|Flat|48|Accenture||110|02130-092023|
19501|WO0000005554598|ILO|Q2|Flat|48|Accenture||283|00150-102023|
19504|WO0000005556088|QUILLABAMBA|S2|Flat|48|Accenture||426.5|01964-092023|
19506|WO0000005556413|LA MERCED (AREQUIPA)||Variable|48|Accenture||150|02675-092023|
19507|WO0000005556434|AREQUIPA||Variable|48|Accenture||162.5|00179-102023|
19508|WO0000005555244|AREQUIPA||Variable|14|Construcciones Tolentino||||
19509|WO0000005554827|ILO|Q2|Flat|48|Accenture||160|01744-092023|
19510|WO0000005554164|MOQUEGUA||Variable|40|Prosegur||||
19511|WO0000005555254|CAYMA||Variable|14|Construcciones Tolentino||||
19512|WO0000005554159|MOQUEGUA||Variable|40|Prosegur||||
19533|WO0000005558172|LARAPA|S2|Flat|48|Accenture||||
19537|WO0000005558175|LARAPA|S2|Flat|48|Accenture||||
19539|WO0000005558178|LARAPA|S2|Flat|48|Accenture||||
19546|WO0000005559409|MARIANO MELGAR|S1|Flat|48|Accenture||||
19548|WO0000005558834|CAMANA||Variable|40|Prosegur||||
19565|WO0000005558150|ILO||Emergencia|48|Accenture||1177.28|03342-102023|
19566|WO0000005558146|MOLLENDO||Variable|4|Alteliza||||
19571|WO0000005558846|CAYMA||Variable|9|Cechriza||||
19577|WO0000005558838|CAMANA||Variable|48|Accenture||||
19582|WO0000005558804|ABANCAY||Variable|48|Accenture||415|01551-092023|
19583|WO0000005559461|URUBAMBA|Q2|Flat|48|Accenture||230.2|01668-092023|
19585|WO0000005558153|EL PEDREGAL||Variable|32|Limtek||||
19588|WO0000005558841|CAMANA||Flat|48|Accenture||153.5|03010-092023|
19589|WO0000005558863|QUILLABAMBA||Variable|16|Coorporacion R&M||||
19590|WO0000005558856|CAYMA||Variable|14|Construcciones Tolentino||||
19591|WO0000005559980|CERRO COLORADO||Variable|14|Construcciones Tolentino||||
19592|WO0000005559424|LA CULTURA||Variable|9|Cechriza||||
19593|WO0000005559499|CUSCO||Variable|9|Cechriza||||
19594|WO0000005560964|URUBAMBA||Variable|14|Construcciones Tolentino||||
19595|WO0000005558888|MALL AVENTURA PLAZA AREQUIPA||Variable|9|Cechriza||||
19602|WO0000005562440|PUERTO MALDONADO||Rechazado|48|Accenture||||
19603|WO0000005564641|DIAGONAL||Rechazado||||||
19604|WO0000005564678|MOLLENDO||Rechazado||||||
19623|WO0000005565727|AREQUIPA|S2|Flat|48|Accenture||||
19637|WO0000005564605|JULIACA|Q1|Flat|48|Accenture||159.47|00643-092023|
19639|WO0000005565752|AREQUIPA|S2|Flat|48|Accenture||186|00355-102023|
19651|WO0000005564220|LARAPA|S2|Flat|48|Accenture||||
19655|WO0000005564207|CAMANA||Variable|4|Alteliza||||
19657|WO0000005562429|PUERTO MALDONADO|Q1|Flat|48|Accenture||492|02507-092023|
19662|WO0000005564646|DIAGONAL||Variable|9|Cechriza||||
19669|WO0000005570937|LA CULTURA||Rechazado|9|Cechriza||||
19671|WO0000005570698|SAN CAMILO||Rechazado|48|Accenture||||
19683|WO0000005567677|MARIANO MELGAR|S1|Flat|48|Accenture||||
19690|WO0000005567360|BUSTAMANTE Y RIVERO|S2|Flat|48|Accenture||||
19701|WO0000005569749|AREQUIPA|S2|Flat|48|Accenture||||
19704|WO0000005569101|AREQUIPA||Variable|48|Accenture||||
19706|WO0000005568978|AREQUIPA|S2|Flat|48|Accenture||||
19719|WO0000005570148|SICUANI|S2|Flat|48|Accenture||52|01317-092023|
19720|WO0000005570690|SAN CAMILO|S2|Flat|48|Accenture||||
19722|WO0000005570695|SAN CAMILO|S2|Flat|48|Accenture||106.71|01958-102023|
19723|WO0000005570134|SICUANI|S2|Flat|48|Accenture||80|01496-092023|
19724|WO0000005567359|JULIACA||Variable|48|Accenture||125.15|01743-092023|
19730|WO0000005568799|SAN ROMAN||Variable|9|Cechriza||||
19738|WO0000005568991|ALTO DE LA ALIANZA|Q1|Flat|48|Accenture||267.7|01675-092023|
19750|WO0000005567663|LARAPA||Variable|19|Extintores G&S||||
19752|WO0000005570130|SICUANI|S2|Flat|48|Accenture||243.5|01672-092023|
19760|WO0000005570195|CUSCO||Variable|9|Cechriza||||
19761|WO0000005569304|TOQUEPALA||Flat|48|Accenture||150|02795-092023|
19762|WO0000005569313|TOQUEPALA||Flat|48|Accenture||277.2|02801-092023|
19763|WO0000005569173|TOQUEPALA||Flat|48|Accenture||||
19764|WO0000005569189|TOQUEPALA||Flat|48|Accenture||150|02748-092023|
19765|WO0000005569194|TOQUEPALA||Flat|48|Accenture||355|02793-092023|
19766|WO0000005569319|TOQUEPALA||Flat|48|Accenture||143|02788-092023|
19767|WO0000005569153|TOQUEPALA||Flat|48|Accenture||295|02812-092023|
19768|WO0000005569143|TOQUEPALA||Flat|48|Accenture||||
19769|WO0000005569159|TOQUEPALA||Flat|48|Accenture||446|02785-092023|
19770|WO0000005569166|TOQUEPALA||Flat|48|Accenture||410|02749-092023|
19771|WO0000005570197|CUSCO||Variable|9|Cechriza||||
19774|WO0000005574126|PUNO||Rechazado||||||
19777|WO0000005574119|PUNO||Rechazado||||||
19780|WO0000005573752|BUSTAMANTE Y RIVERO||Variable|4|Alteliza||||
19785|WO0000005573756|PUNO||Variable|4|Alteliza||||
19797|WO0000005574693|SICUANI|S2|Flat|48|Accenture||160.17|01972-092023|
19798|WO0000005572856|LA CULTURA||Variable|9|Cechriza||||
19799|WO0000005574104|PUNO||Variable|14|Construcciones Tolentino||||
19800|WO0000005572862|LA CULTURA||Variable|9|Cechriza||||
19803|WO0000005575919|PUERTO MALDONADO|Q2|Flat|48|Accenture||340|02207-092023|
19806|WO0000005576738|LA CULTURA||Variable|40|Prosegur||||
19833|WO0000005579672|CAYMA|S3|Flat|48|Accenture||||
19843|WO0000005579051|ILO|Q2|Flat|48|Accenture||255|02501-092023|
19845|WO0000005579447|TACNA||Emergencia|48|Accenture||1184.0999999999999|03660-092023|
19849|WO0000005579401|PARQUE INDUSTRIAL (AREQUIPA)||Flat|48|Accenture||845|02639-092023|
19850|WO0000005579636|LA NEGRITA|S3|Flat|48|Accenture||||
19851|WO0000005579448|CUAJONE||Emergencia|48|Accenture||704.8|03658-092023|
19853|WO0000005580208|ILO||Flat|48|Accenture||312.3|02840-092023|
19858|WO0000005583129|SAN CAMILO||Rechazado|48|Accenture||||
19892|WO0000005582375|LA NEGRITA|S3|Flat|48|Accenture||||
19893|WO0000005581571|MALL AVENTURA PLAZA AREQUIPA|S3|Flat|48|Accenture||366|01736-092023|
19910|WO0000005584101|LARAPA||Variable|9|Cechriza||||
19915|WO0000005582785|AREQUIPA||Variable|48|Accenture||||
19918|WO0000005583134|JAUREGUI|Q2|Flat|48|Accenture||192.38|02060-092023|
19922|WO0000005582031|JACOBO HUNTER||Flat|48|Accenture||419.8|03387-092023|
19923|WO0000005583126|SAN CAMILO||Flat|48|Accenture||463|00109-102023|
19927|WO0000005582368|CAMANA||Variable|48|Accenture||||
19928|WO0000005582337|CAMANA||Flat|48|Accenture|10|487|02921-092023|
19929|WO0000005582320|CAMANA||Flat|48|Accenture|5|160|00016-102023|
19938|WO0000005587297|AREQUIPA||Rechazado|48|Accenture||||
19941|WO0000005586886|SICUANI||Rechazado|48|Accenture||||
19958|WO0000005587285|ANDAHUAYLAS|Q2|Flat|48|Accenture||87.1|02138-092023|
19960|WO0000005588867|CUSCO|S2|Flat|48|Accenture||||
19962|WO0000005588868|CUSCO|S2|Flat|48|Accenture||||
19964|WO0000005585751|LA NEGRITA||Variable|14|Construcciones Tolentino||||
19970|WO0000005588865|ALTO DE LA ALIANZA|Q2|Flat|48|Accenture||||
19981|WO0000005587894|ANDAHUAYLAS|Q2|Flat|48|Accenture||244|01886-102023|
19983|WO0000005587896|ANDAHUAYLAS|Q2|Flat|48|Accenture||114|02869-092023|
19993|WO0000005587571|ANDAHUAYLAS|Q2|Flat|48|Accenture||75|02871-092023|
19994|WO0000005587237|ANDAHUAYLAS|Q2|Flat|48|Accenture||140|02875-092023|
19995|WO0000005586808|MALL AVENTURA PLAZA AREQUIPA|S3|Flat|48|Accenture||520|03006-092023|
20005|WO0000005587227|MARIANO MELGAR||Flat|48|Accenture||128.5|02701-092023|
20006|WO0000005586811|JULIACA||Variable|48|Accenture||448.2|02976-092023|
20007|WO0000005586881|SICUANI|S3|Flat|48|Accenture||296.8|02917-092023|
20008|WO0000005587870|ANDAHUAYLAS|Q2|Flat|48|Accenture||377|02953-092023|
20010|WO0000005588450|ANDAHUAYLAS|Q2|Flat|48|Accenture||154|02967-092023|
20011|WO0000005587270|ANDAHUAYLAS|Q2|Flat|48|Accenture||503|02916-092023|
20012|WO0000005588416|ANDAHUAYLAS|Q2|Flat|48|Accenture||299.5|02927-092023|
20014|WO0000005588444|ANDAHUAYLAS|Q2|Flat|48|Accenture||202|03099-092023|
20015|WO0000005588414|ANDAHUAYLAS||Flat|48|Accenture|5|142|02208-092023|
20018|WO0000005587291|AREQUIPA||Flat|48|Accenture|2|763|00465-102023|
20022|WO0000005591031|CAMANA||Rechazado||||||
20025|WO0000005591423|MALL AVENTURA PLAZA AREQUIPA||Rechazado|53|Trazaidea||||
20026|WO0000005590336|JULIACA||Rechazado||||||
20037|WO0000005590333|JULIACA||Variable|40|Prosegur||||
20051|WO0000005591043|CERRO COLORADO||Variable|14|Construcciones Tolentino||||
20070|WO0000005590389|CAYMA||Variable|48|Accenture||CAJA CHICA||
20081|WO0000005590743|PARQUE INDUSTRIAL (AREQUIPA)||Variable|48|Accenture||||
20088|WO0000005590372|BOLOGNESI|Q2|Flat|48|Accenture||115.55|02897-092023|
20089|WO0000005590366|BOLOGNESI||Flat|48|Accenture||177.5|02913-092023|
20090|WO0000005591088|SAN ROMAN|Q2|Flat|48|Accenture||419.4|03089-092023|
20092|WO0000005592900|CERRO COLORADO||Variable|14|Construcciones Tolentino||||
20094|WO0000005591064|CERRO COLORADO||Variable|9|Cechriza||||
20095|WO0000005592568|JULIACA|Q2|Flat|48|Accenture||286.2|03436-092023|
20103|WO0000005595403|BOLOGNESI||Rechazado|48|Accenture||||
20108|WO0000005594448|EL PEDREGAL||Rechazado|48|Accenture||||
20136|WO0000005594733|SAN CAMILO||Variable|36|MR Express||||
20137|WO0000005594732|UMACOLLO||Variable|36|MR Express||||
20139|WO0000005594740|TOWN SITE||Variable|36|MR Express||||
20140|WO0000005594728|SIGLO XX||Variable|36|MR Express||||
20143|WO0000005594727|AREQUIPA||Variable|36|MR Express||||
20145|WO0000005593988|MOLLENDO|Q2|Flat|48|Accenture||237.8|02551-092023|
20159|WO0000005595174|AREQUIPA|S3|Flat|48|Accenture||||
20160|WO0000005595178|AREQUIPA|S3|Flat|48|Accenture||||
20162|WO0000005596142|BOLOGNESI|Q1|Flat|48|Accenture||196.45|02911-092023|
20164|WO0000005593674|AREQUIPA||Flat|48|Accenture||||
20173|WO0000005595186|AREQUIPA||Flat|48|Accenture||||
20175|WO0000005595454|JULIACA||Variable|48|Accenture||284.60000000000002|03649-092023|
20176|WO0000005593982|JULIACA||Variable|48|Accenture||747|03386-092023|
20181|WO0000005595185|AREQUIPA||Flat|48|Accenture||||
20183|WO0000005595458|EL PEDREGAL||Flat|48|Accenture|2|148|03433-092023|
20184|WO0000005595467|EL PEDREGAL||Flat|48|Accenture|6|472|03431-092023|
20185|WO0000005594726|EL PEDREGAL||Flat|48|Accenture|3|342.2|00105-102023|
20199|WO0000005600845|JACOBO HUNTER||Rechazado|9|Cechriza||||
20207|WO0000005600844|JACOBO HUNTER||Rechazado|9|Cechriza||||
20208|WO0000005598764|URUBAMBA||Rechazado|9|Cechriza||||
20217|WO0000005600099|LA CULTURA|S4|Flat|48|Accenture||||
20219|WO0000005600404|LA CULTURA|S4|Flat|48|Accenture||||
20220|WO0000005600098|DIAGONAL|S3|Flat|48|Accenture||||
20229|WO0000005597782|PARQUE INDUSTRIAL (AREQUIPA)||Variable|16|Coorporacion R&M||||
20232|WO0000005599148|URUBAMBA||Variable|9|Cechriza||||
20233|WO0000005600092|BOLOGNESI|Q1|Flat|48|Accenture||266.6|03061-092023|
20242|WO0000005598742|MALL AVENTURA PLAZA AREQUIPA||Variable|53|Trazaidea||||
20245|WO0000005599584|DIAGONAL||Variable|48|Accenture||104.7|03644-092023|
20246|WO0000005599521|MALL AVENTURA PLAZA AREQUIPA|S4|Flat|48|Accenture||229.5|03412-092023|
20248|WO0000005597795|BUSTAMANTE Y RIVERO||Flat|48|Accenture||531|00125-102023|
20249|WO0000005599515|MALL AVENTURA PLAZA AREQUIPA|S4|Flat|48|Accenture||||
20251|WO0000005599527|MALL AVENTURA PLAZA AREQUIPA||Flat|48|Accenture|4|||
20252|WO0000005599119|PUERTO MALDONADO||Variable|16|Coorporacion R&M||||
20253|WO0000005599545|PUERTO MALDONADO||Variable|16|Coorporacion R&M||||
20255|WO0000005600473|REAL PLAZA CUSCO||Variable|48|Accenture||1679.91|03152-102023|
20258|WO0000005602150|JAUREGUI||Rechazado|14|Construcciones Tolentino||||
20273|WO0000005605051|PARQUE INDUSTRIAL (AREQUIPA)|S4|Flat|48|Accenture||||
20274|WO0000005605050|PARQUE INDUSTRIAL (AREQUIPA)|S4|Flat|48|Accenture||||
20285|WO0000005604439|JULIACA||Variable|14|Construcciones Tolentino||||
20288|WO0000005604446|JULIACA||Variable|14|Construcciones Tolentino||||
20293|WO0000005602190|CAYMA|S4|Flat|48|Accenture||335.8|00106-102023|
20299|WO0000005604418|SOCABAYA|S4|Flat|48|Accenture||||
20300|WO0000005602123|JAUREGUI|Q2|Flat|48|Accenture||135.8|03435-092023|
20301|WO0000005604749|BUSTAMANTE Y RIVERO||Variable|53|Trazaidea||||
20302|WO0000005602184|JACOBO HUNTER||Variable|9|Cechriza||||
20304|WO0000005604408|JACOBO HUNTER||Variable|9|Cechriza||||
20305|WO0000005603488|SAN ROMAN||Variable|48|Accenture||388.5|04636-092023|
20312|WO0000005603497|SAN ROMAN||Variable|48|Accenture||709.39|03364-102023|
20313|WO0000005603474|SAN ROMAN||Variable|48|Accenture||762.4|04022-102023|
20316|WO0000005607019|UMACOLLO||Rechazado|9|Cechriza||||
20318|WO0000005606711|UMACOLLO||Rechazado|9|Cechriza||||
20367|WO0000005606741|JAUREGUI|Q2|Flat|48|Accenture||123.8|03651-092023|
20371|WO0000005606434|CAYMA||Variable|9|Cechriza||||
20375|WO0000005607401|BOLOGNESI||Variable|14|Construcciones Tolentino||||
20377|WO0000005608514|PUNO||Variable|48|Accenture||287.2|00181-102023|
20378|WO0000005606431|SOCABAYA||Variable|9|Cechriza||||
20380|WO0000005606097|CUSCO||Variable|32|Limtek||||
20382|WO0000005606742|UMACOLLO||Flat|48|Accenture|1|||
20384|WO0000005606446|CAYMA||Flat|48|Accenture|1|274.8|00021-102023|
20386|WO0000005606799|BUSTAMANTE Y RIVERO||Flat|48|Accenture|3|326|00153-102023|
20389|WO0000005606746|UMACOLLO||Variable|48|Accenture||1110.43|02212-102023|
20396|WO0000005612131|LA CULTURA||Variable|48|Accenture||||
20398|WO0000005611077|CUAJONE||Rechazado|48|Accenture||||
20400|WO0000005610365|CERRO COLORADO||Rechazado|14|Construcciones Tolentino||||
20403|WO0000005609384|LARAPA|S4|Flat|48|Accenture||||
20413|WO0000005610327|SOCABAYA|S4|Flat|48|Accenture||||
20419|WO0000005609324|TACNA||Variable|16|Coorporacion R&M||||
20422|WO0000005612179|ABANCAY||Variable|9|Cechriza||||
20430|WO0000005609380|LARAPA||Variable|48|Accenture||||
20434|WO0000005609329|TACNA||Flat|48|Accenture|4|152.9|03411-092023|
20435|WO0000005611070|CUAJONE||Variable|53|Trazaidea||||
20441|WO0000005610690|CUSCO||Flat|48|Accenture|1|150.2|00587-102023|
20443|WO0000005609317|TACNA|Q1|Flat|48|Accenture|1|765.4|00045-102023|
20444|WO0000005610361|CUAJONE||Flat|48|Accenture|1|326.5|00546-102023|
20445|WO0000005611064|CUAJONE||Flat|48|Accenture|1|25|00539-102023|
20446|WO0000005611065|CUAJONE||Flat|48|Accenture|1|258|00513-102023|
20447|WO0000005611068|CUAJONE||Flat|48|Accenture|4|291|00514-102023|
20448|WO0000005611073|CUAJONE||Flat|48|Accenture|1|372.3|00512-102023|
20449|WO0000005611051|CUAJONE||Variable|48|Accenture||275|02453-102023|
20452|WO0000005611052|CUAJONE||Flat|48|Accenture|1|1718.86|03114-102023|
20454|WO0000005614804|AREQUIPA||Rechazado|48|Accenture||||
20455|WO0000005615608|TACNA||Rechazado|9|Cechriza||||
20457|WO0000005614479|PUERTO MALDONADO||Rechazado|48|Accenture||||
20469|WO0000005614428|ANDAHUAYLAS||Variable|48|Accenture||172|03640-092023|
20490|WO0000005615607|TACNA||Variable|48|Accenture||||
20494|WO0000005614822|EL PEDREGAL||Variable|16|Coorporacion R&M||||
20499|WO0000005613039|MALL AVENTURA PLAZA AREQUIPA|S4|Flat|48|Accenture||||
20500|WO0000005614426|LA MERCED (AREQUIPA)||Variable|48|Accenture||144|04390-092023|
20505|WO0000005615290|MOLLENDO||Variable|14|Construcciones Tolentino||||
20506|WO0000005615277|SOCABAYA||Variable|48|Accenture||||
20507|WO0000005614457|CAYMA||Variable|48|Accenture||||
20510|WO0000005614875|PUERTO MALDONADO|Q1|Flat|48|Accenture|17|544.5|00173-102023|
20511|WO0000005614881|PUERTO MALDONADO|Q1|Flat|48|Accenture|15|537|00025-102023|
20513|WO0000005614872|PUERTO MALDONADO|Q1|Flat|48|Accenture|8|245|00157-102023|
20514|WO0000005614485|PUERTO MALDONADO|Q1|Flat|48|Accenture|1|168|00156-102023|
20519|WO0000005614814|EL PEDREGAL||Flat|48|Accenture|1|85|00107-102023|
20520|WO0000005613088|SAN CAMILO||Flat|48|Accenture|1|393|00994-102023|
20521|WO0000005613550|CUAJONE||Flat|48|Accenture|1|123|00542-102023|
20522|WO0000005614825|EL PEDREGAL||Flat|48|Accenture|1|159.4|00017-102023|
20523|WO0000005614065|CAMANA||Flat|48|Accenture|1|232.4|00675-102023|
20525|WO0000005614899|PUERTO MALDONADO||Variable|9|Cechriza||||
20527|WO0000005613041|MALL AVENTURA PLAZA AREQUIPA||Flat|48|Accenture|1|377.5|00023-102023|
20528|WO0000005615293|MOLLENDO||Variable|48|Accenture||||
20542|WO0000005622173|UMACOLLO||Rechazado|48|Accenture||||
20556|WO0000005620803|PARQUE INDUSTRIAL (AREQUIPA)|S4|Flat|48|Accenture||||
20561|WO0000005619344|MOLLENDO||Variable|14|Construcciones Tolentino||||
20563|WO0000005621775|CUSCO|S4|Flat|48|Accenture||||
20569|WO0000005620251|LARAPA||Variable|53|Trazaidea||||
20570|WO0000005620251|LARAPA|S1|Flat|48|Accenture||||
20576|WO0000005620276|JACOBO HUNTER||Flat|48|Accenture|13|||
20589|WO0000005621273|SAN CAMILO||Variable|32|Limtek||||
20600|WO0000005625041|SAN CAMILO||Rechazado|48|Accenture||||
20606|WO0000005623169|TOWN SITE||Rechazado|48|Accenture||||
20613|WO0000005625925|LARAPA||Variable|26|Indgelec||||
20623|WO0000005624100|ILO||Variable|40|Prosegur||||
20624|WO0000005623942|AREQUIPA|S1|Flat|48|Accenture||||
20639|WO0000005623197|TOWN SITE||Variable|36|MR Express||||
20654|WO0000005625963|EL PEDREGAL||Variable|9|Cechriza||||
20655|WO0000005625968|EL PEDREGAL||Variable|9|Cechriza||||
20658|WO0000005625967|EL PEDREGAL||Variable|9|Cechriza||||
20659|WO0000005623198|TOWN SITE||Variable|53|Trazaidea||||
20661|WO0000005623195|TOWN SITE||Variable|16|Coorporacion R&M||||
20663|WO0000005624634|MARIANO MELGAR|S1|Flat|48|Accenture|1|||
20664|WO0000005623187|TOWN SITE||Flat|48|Accenture|2|114.5|00657-102023|
20665|WO0000005623171|TOWN SITE||Flat|48|Accenture|2|103|00654-102023|
20666|WO0000005623502|TOWN SITE||Variable|48|Accenture||135|00666-102023|
20667|WO0000005623192|TOWN SITE||Flat|48|Accenture|1|160.4|00655-102023|
20670|WO0000005626313|CAMANA|Q1|Flat|48|Accenture|1|171.5|00155-102023|
20672|WO0000005625908|SIGLO XX||Flat|48|Accenture|1|341|00515-102023|
20673|WO0000005625034|SAN CAMILO||Flat|48|Accenture|2|122|01011-102023|
20674|WO0000005625900|MARIANO MELGAR||Variable|48|Accenture||364|00183-102023|
20675|WO0000005626347|CERRO COLORADO||Variable|32|Limtek||||
20677|WO0000005625913|SIGLO XX||Flat|48|Accenture|1|149|01892-102023|
20678|WO0000005626354|CAYMA||Variable|48|Accenture||279|03040-102023|
20686|WO0000005628105|SAN CAMILO||Rechazado|9|Cechriza||||
20701|WO0000005628190|DIAGONAL|S4|Flat|48|Accenture||||
20718|WO0000005627421|ALTO DE LA ALIANZA||Variable|48|Accenture||||
20722|WO0000005627435|UMACOLLO||Variable|26|Indgelec||||
20726|WO0000005630208|URUBAMBA||Variable|48|Accenture||131|00706-102023|
20730|WO0000005629779|CAYMA|S1|Flat|48|Accenture|1|||
20731|WO0000005629044|LA MERCED (AREQUIPA)|S1|Flat|48|Accenture|1|65|00517-102023|
20732|WO0000005629093|SAN CAMILO||Flat|48|Accenture|1|138|01023-102023|
20737|WO0000005629048|LA MERCED (AREQUIPA)||Variable|48|Accenture||82|00519-102023|
20743|WO0000005629738|LA NEGRITA||Variable|48|Accenture||604|02901-102023|
20745|WO0000005629035|LA MERCED (AREQUIPA)||Flat|48|Accenture|1|257|00518-102023|
20749|WO0000005632991|HUAYRUROPATA||Rechazado|9|Cechriza||||
20751|WO0000005630862|ALTO DE LA ALIANZA||Rechazado|9|Cechriza||||
20753|WO0000005632994|HUAYRUROPATA||Rechazado|9|Cechriza||||
20754|WO0000005633797|CUSCO||Rechazado|48|Accenture||||
20760|WO0000005631238|HUAYRUROPATA||Variable|40|Prosegur||||
20766|WO0000005631882|LARAPA|S1|Flat|48|Accenture||||
20775|WO0000005632598|AREQUIPA|S1|Flat|48|Accenture||||
20776|WO0000005631850|CERRO COLORADO||Variable|14|Construcciones Tolentino||||
20777|WO0000005632900|AREQUIPA|S1|Flat|48|Accenture||||
20780|WO0000005631667|TACNA||Variable|9|Cechriza||||
20781|WO0000005631666|TACNA||Variable|9|Cechriza||||
20782|WO0000005631663|TACNA||Variable|9|Cechriza||||
20791|WO0000005633347|CERRO COLORADO|S1|Flat|48|Accenture||||
20792|WO0000005631875|LARAPA||Flat|48|Accenture|8|||
20795|WO0000005633357|LA MERCED (AREQUIPA)|S1|Flat|48|Accenture||||
20800|WO0000005630893|MALL AVENTURA PLAZA AREQUIPA||Variable|9|Cechriza||||
20818|WO0000005633334|JAUREGUI|Q1|Flat|48|Accenture|3|257.7|00525-102023|
20819|WO0000005633371|MOLLENDO||Flat|48|Accenture|2|118.5|00698-102023|
20827|WO0000005632938|BOLOGNESI|Q1|Flat|48|Accenture|1|132.7|00174-102023|
20838|WO0000005632538|PUNO||Emergencia|48|Accenture||787.02|04051-102023|
20839|WO0000005632932|BOLOGNESI|Q1|Flat|48|Accenture|2|267.7|00958-102023|
20841|WO0000005632537|JAUREGUI||Variable|4|Alteliza||||
20849|WO0000005632536|ILO||Variable|32|Limtek||||
20851|WO0000005631248|MARIANO MELGAR||Flat|48|Accenture|1|475.5|00558-102023|
20854|WO0000005633332|JAUREGUI||Variable|48|Accenture||1376.2|02888-102023|
20855|WO0000005632595|CAYMA||Variable|4|Alteliza||||
20856|WO0000005631878|LARAPA||Variable|14|Construcciones Tolentino||||
20857|WO0000005631241|MARIANO MELGAR||Flat|48|Accenture|1|543|01894-102023|
20859|WO0000005634805|HUAYRUROPATA||Rechazado|9|Cechriza||||
20863|WO0000005635618|UMACOLLO||Rechazado|14|Construcciones Tolentino||||
20865|WO0000005634839|ALTO DE LA ALIANZA||Rechazado|9|Cechriza||||
20882|WO0000005636229|ALTO DE LA ALIANZA||Variable|9|Cechriza||||
20883|WO0000005636270|TACNA||Variable|26|Indgelec||||
20902|WO0000005635919|LA MERCED (AREQUIPA)||Variable|48|Accenture||120|00664-102023|
20904|WO0000005635952|HUAYRUROPATA||Variable|9|Cechriza||||
20924|WO0000005635996|SAN ROMAN||Flat|48|Accenture|4|326.7|00175-102023|
20925|WO0000005636866|CERRO COLORADO||Variable|49|TGestiona||GARANTIA||
20926|WO0000005635642|CERRO COLORADO||Flat|48|Accenture|4|334.5|00544-102023|
20934|WO0000005635936|PUNO|Q2|Flat|48|Accenture|1|276.7|00549-102023|
20938|WO0000005635649|PUNO||Flat|48|Accenture|1|400.57|01312-102023|
20939|WO0000005635646|CERRO COLORADO||Flat|48|Accenture|1|491|00129-092023|
20940|WO0000005635655|PUNO||Flat|48|Accenture|1|352|00548-102023|
20942|WO0000005636896|LA NEGRITA||Flat|48|Accenture|1|135|00983-102023|
20948|WO0000005635982|ALTO DE LA ALIANZA||Variable|48|Accenture||160.41|03397-102023|
20952|WO0000005638900|JULIACA||Variable|40|Prosegur||||
20957|WO0000005638905|LA CULTURA||Variable|36|MR Express||||
20958|WO0000005638905|LA CULTURA||Flat|48|Accenture|2|||
20961|WO0000005645509|UMACOLLO||Rechazado|48|Accenture||||
20963|WO0000005644659|PUNO||Rechazado|48|Accenture||||
20966|WO0000005645588|EL PEDREGAL||Rechazado|9|Cechriza||||
20969|WO0000005645961|JULIACA||Rechazado|48|Accenture||||
20971|WO0000005643756|BUSTAMANTE Y RIVERO||Rechazado|48|Accenture||||
20976|WO0000005643727|JULIACA||Variable|40|Prosegur||||
20993|WO0000005644618|EL PEDREGAL|Q1|Flat|48|Accenture|1|100|00597-102023|
21002|WO0000005643760|BUSTAMANTE Y RIVERO|S2|Flat|48|Accenture|4|403.5|00673-102023|
21010|WO0000005646527|BUSTAMANTE Y RIVERO|S2|Flat|48|Accenture|1|||
21014|WO0000005645943|MOQUEGUA||Variable|40|Prosegur||||
21017|WO0000005643286|UMACOLLO|S1|Flat|48|Accenture|2|561.9|00557-102023|
21023|WO0000005643892|ILO|Q1|Flat|48|Accenture|8|295|00703-102023|
21025|WO0000005643893|DIAGONAL||Flat|48|Accenture|4|101.4|02198-102023|
21026|WO0000005646525|BUSTAMANTE Y RIVERO||Variable|53|Trazaidea||||
21031|WO0000005645155|UMACOLLO||Variable|48|Accenture||243|02201-102023|
21033|WO0000005644603|DIAGONAL||Flat|48|Accenture|3|185|02418-102023|
21034|WO0000005645106|PUNO||Variable|9|Cechriza||||
21036|WO0000005645967|AREQUIPA||Variable|48|Accenture||596|03266-102023|
21037|WO0000005643280|UMACOLLO||Variable|9|Cechriza||||
21040|WO0000005646976|MALL AVENTURA PLAZA AREQUIPA||Rechazado|48|Accenture||||
21042|WO0000005647405|PUERTO MALDONADO||Rechazado|48|Accenture||||
21044|WO0000005649216|LA MERCED (AREQUIPA)||Variable|48|Accenture||||
21056|WO0000005647407|UMACOLLO||Variable|16|Coorporacion R&M||||
21057|WO0000005649565|MOQUEGUA||Variable|16|Coorporacion R&M||COSTO CERO||
21058|WO0000005649202|ILO|Q1|Flat|48|Accenture|1|162.8|00672-102023|
21063|WO0000005647810|BUSTAMANTE Y RIVERO|S1|Flat|48|Accenture|2|248.8|00670-102023|
21072|WO0000005646950|TACNA||Variable|9|Cechriza||||
21079|WO0000005647411|PUERTO MALDONADO||Variable|48|Accenture||620.5|00880-102023|
21080|WO0000005648740|PUNO||Variable|48|Accenture||||
21083|WO0000005646971|TACNA|Q1|Flat|48|Accenture|1|109.7|00535-102023|
21093|WO0000005648348|MALL AVENTURA PLAZA AREQUIPA||Flat|48|Accenture|2|103.5|01108-102023|
21094|WO0000005648376|UMACOLLO|S1|Flat|48|Accenture|1|||
21097|WO0000005649562|MOQUEGUA|Q2|Flat|48|Accenture|7|397.6|00975-102023|
21102|WO0000005647414|CAYMA||Variable|48|Accenture||743.95|02898-102023|
21105|WO0000005646936|LARAPA||Flat|48|Accenture|10|415|02199-102023|
21107|WO0000005648354|MARIANO MELGAR||Variable|46|Shalman||COSTO CERO||
21108|WO0000005646943|LARAPA||Variable|48|Accenture||477|02961-102023|
21109|WO0000005649272|ILO||Variable|49|TGestiona||||
21126|WO0000005650905|UMACOLLO|S1|Flat|48|Accenture|1|||
21128|WO0000005652018|UMACOLLO||Variable|48|Accenture||||
21129|WO0000005650900|UMACOLLO|S1|Flat|48|Accenture|1|||
21161|WO0000005653024|JULIACA||Variable|9|Cechriza||||
21165|WO0000005652389|LA NEGRITA||Flat|48|Accenture|1|351.2|02209-102023|
21167|WO0000005652386|LA NEGRITA||Flat|48|Accenture|2|119.5|02204-102023|
21168|WO0000005652366|LA NEGRITA||Flat|48|Accenture|2|172|02202-102023|
21171|WO0000005650546|LARAPA||Flat|48|Accenture|1|||
21178|WO0000005652379|LA NEGRITA||Flat|48|Accenture|2|196|02203-102023|
21180|WO0000005651864|ANDAHUAYLAS||Variable|48|Accenture||100|03341-102023|
21181|WO0000005650930|UMACOLLO||Variable|53|Trazaidea||||
21183|WO0000005650922|UMACOLLO||Variable|53|Trazaidea||||
21184|WO0000005651864|ANDAHUAYLAS||Variable|37|National Facilities Management||||
21187|WO0000005650901|AREQUIPA||Variable|53|Trazaidea||||
21188|WO0000005652398|LA NEGRITA||Variable|14|Construcciones Tolentino||||
21189|WO0000005651353|ANDAHUAYLAS||Variable|36|MR Express||||
21190|WO0000005652391|LA NEGRITA||Flat|48|Accenture|1|307|03148-102023|
21194|WO0000005650560|LA MERCED (AREQUIPA)||Flat|48|Accenture|1|||
21195|WO0000005652365|ALTO DE LA ALIANZA||Variable|48|Accenture||ATENDIDO POR GARANTIA||
21196|WO0000005650908|AREQUIPA||Variable|53|Trazaidea||||
21200|WO0000005655204|ILO||Rechazado|53|Trazaidea||||
21201|WO0000005655238|ILO||Rechazado|53|Trazaidea||||
21202|WO0000005654950|SIGLO XX||Rechazado|48|Accenture||||
21204|WO0000005655218|ILO||Variable|48|Accenture||||
21205|WO0000005655208|ILO||Rechazado|48|Accenture||||
21206|WO0000005654956|SIGLO XX||Rechazado|48|Accenture||||
21219|WO0000005654910|UMACOLLO|S1|Flat|48|Accenture|1|||
21220|WO0000005655221|ILO||Variable|16|Coorporacion R&M||||
21223|WO0000005656032|JACOBO HUNTER|S2|Flat|48|Accenture|4|||
21225|WO0000005656034|JACOBO HUNTER|S2|Flat|48|Accenture|9|||
21226|WO0000005655792|CAYMA|S1|Flat|48|Accenture|1|||
21234|WO0000005657225|AREQUIPA|S2|Flat|48|Accenture|1|||
21262|WO0000005654977|BUSTAMANTE Y RIVERO|S2|Flat|48|Accenture|1|||
21265|WO0000005654685|JULIACA||Variable|9|Cechriza||||
21272|WO0000005657806|QUILLABAMBA||Variable|40|Prosegur||||
21274|WO0000005655271|LA MERCED (AREQUIPA)||Flat|48|Accenture|5|191|02206-102023|
21275|WO0000005656049|JACOBO HUNTER||Variable|16|Coorporacion R&M||||
21276|WO0000005656035|JACOBO HUNTER||Variable|48|Accenture|1|450|02904-102023|
21277|WO0000005657843|AREQUIPA||Variable|48|Accenture||140.5|02908-102023|
21278|WO0000005655229|ILO||Flat|48|Accenture|10|540|02213-102023|
21281|WO0000005654993|ILO||Variable|48|Accenture||||
21283|WO0000005655213|ILO||Flat|48|Accenture||378|03159-102023|
21284|WO0000005655233|ILO||Variable|48|Accenture||||
21285|WO0000005654691|MOLLENDO||Flat|48|Accenture|1|460|03155-102023|
21288|WO0000005660310|AREQUIPA||Variable|48|Accenture||||
21303|WO0000005659514|UMACOLLO|S2|Flat|48|Accenture|1|||
21317|WO0000005659966|SAN ROMAN||Variable|9|Cechriza||||
21320|WO0000005660995|REAL PLAZA CUSCO||Variable|14|Construcciones Tolentino||||
21330|WO0000005659098|SAN CAMILO||Flat|48|Accenture|2|||
21333|WO0000005661254|LARAPA||Variable|48|Accenture||104|02210-102023|
21334|WO0000005662290|ABANCAY||Variable|14|Construcciones Tolentino||||
21338|WO0000005663416|AREQUIPA||Variable|40|Prosegur||||
21347|WO0000005668142|AREQUIPA|S1|Flat|48|Accenture||||
21349|WO0000005665217|TACNA|Q1|Flat|48|Accenture||||
21351|WO0000005665754|ALTO DE LA ALIANZA||Rechazado|53|Trazaidea||||
21352|WO0000005668155|AREQUIPA|S1|Flat|48|Accenture||||
21353|WO0000005668150|AREQUIPA||Variable|48|Accenture||||
21357|WO0000005667142|ANDAHUAYLAS|Q1|Flat|48|Accenture||||
21360|WO0000005668137|AREQUIPA|S1|Flat|48|Accenture||||
21361|WO0000005668146|BUSTAMANTE Y RIVERO||Rechazado|53|Trazaidea||||
21381|WO0000005667769|MALL AVENTURA PLAZA AREQUIPA|S2|Flat|48|Accenture|2|||
21383|WO0000005666269|LA MERCED (AREQUIPA)||Flat|48|Accenture|2|||
21384|WO0000005668154|CAYMA||Variable|14|Construcciones Tolentino||||
21385|WO0000005667702|TACNA||Variable|9|Cechriza||||
21388|WO0000005665716|CUSCO|S2|Flat|48|Accenture|1|||
21394|WO0000005665215|TACNA||Variable|14|Construcciones Tolentino||||
21396|WO0000005666659|TACNA||Variable|9|Cechriza||||
21397|WO0000005667717|AREQUIPA||Variable|48|Accenture|2|495|03396-102023|
21398|WO0000005666601|SOCABAYA||Flat|48|Accenture|8|||
21399|WO0000005668161|CUSCO||Flat|48|Accenture|3|||
21400|WO0000005667710|QUILLABAMBA||Flat|48|Accenture|2|186.5|03751-102023|
21401|WO0000005665261|ABANCAY|Q1|Flat|48|Accenture||97.5|04328-102023|
21404|WO0000005669638|DIAGONAL||Rechazado|48|Accenture||||
21407|WO0000005669625|DIAGONAL|S1|Flat|48|Accenture||||
21412|WO0000005671695|UMACOLLO||Flat|48|Accenture||||
21414|WO0000005670995|JAUREGUI||Variable|46|Shalman||||
21456|WO0000005671697|UMACOLLO|S3|Flat|48|Accenture|5|GARANTIA||
21464|WO0000005670438|MARIANO MELGAR||Variable|14|Construcciones Tolentino||||
21465|WO0000005674222|QUILLABAMBA|Q1|Flat|48|Accenture||||
21466|WO0000005675273|REAL PLAZA CUSCO|S1|Flat|48|Accenture||||
21467|WO0000005674251|PARQUE INDUSTRIAL (AREQUIPA)|S1|Flat|48|Accenture||||
21469|WO0000005675216|ANDAHUAYLAS|Q1|Flat|48|Accenture||||
21473|WO0000005674277|UMACOLLO|S2|Flat|48|Accenture||||
21474|WO0000005673477|MALL AVENTURA PLAZA AREQUIPA|S2|Flat|48|Accenture||||
21480|WO0000005676145|MALL AVENTURA PLAZA AREQUIPA||Rechazado|9|Cechriza||||
21486|WO0000005674241|PARQUE INDUSTRIAL (AREQUIPA)||Variable|16|Coorporacion R&M||||
21489|WO0000005675713|SAN CAMILO|S2|Flat|48|Accenture|1|||
21490|WO0000005675709|SAN CAMILO|S2|Flat|48|Accenture|2|||
21494|WO0000005675266|SAN CAMILO|S2|Flat|48|Accenture|2|||
21495|WO0000005675274|SAN CAMILO|S2|Flat|48|Accenture|4|||
21497|WO0000005674244|CAYMA|S2|Flat|48|Accenture|3|||
21498|WO0000005675738|CAYMA|S2|Flat|48|Accenture|1|||
21500|WO0000005675750|CAYMA|S2|Flat|48|Accenture|1|||
21537|WO0000005676197|JULIACA||Variable|14|Construcciones Tolentino||||
21538|WO0000005674226|QUILLABAMBA|Q1|Flat|48|Accenture||||
21541|WO0000005674220|JACOBO HUNTER||Variable|9|Cechriza||||
21551|WO0000005678595|BOLOGNESI|Q1|Flat|48|Accenture||||
21552|WO0000005678599|BOLOGNESI|Q1|Flat|48|Accenture||||
21555|WO0000005679557|CAMANA|Q1|Flat|48|Accenture||||
21556|WO0000005678840|LA MERCED (AREQUIPA)|S2|Flat|48|Accenture||||
21557|WO0000005680376|ANDAHUAYLAS||Rechazado|14|Construcciones Tolentino||||
21560|WO0000005678805|BOLOGNESI|Q1|Flat|48|Accenture||||
21561|WO0000005678803|BOLOGNESI|Q1|Flat|48|Accenture||||
21562|WO0000005678819|ALTO DE LA ALIANZA|Q1|Flat|48|Accenture||||
21563|WO0000005678811|LA MERCED (AREQUIPA)|S2|Flat|48|Accenture||||
21564|WO0000005678894|JACOBO HUNTER||Variable|9|Cechriza||||
21566|WO0000005677950|MALL AVENTURA PLAZA AREQUIPA||Rechazado|48|Accenture||||
21567|WO0000005678821|ALTO DE LA ALIANZA||Variable|9|Cechriza||||
21568|WO0000005680333|MARIANO MELGAR|S2|Flat|48|Accenture||||
21569|WO0000005680375|SICUANI||Variable|16|Coorporacion R&M||||
21570|WO0000005677715|ILO||Variable|40|Prosegur||||
21574|WO0000005679253|JULIACA||Variable|26|Indgelec||||
21575|WO0000005680320|ALTO DE LA ALIANZA||Rechazado|53|Trazaidea||||
21577|WO0000005678214|BOLOGNESI|Q1|Flat|48|Accenture||||
21582|WO0000005678208|LARAPA|S2|Flat|48|Accenture|1|||
21583|WO0000005677960|JACOBO HUNTER||Variable|40|Prosegur||||
21591|WO0000005677946|JACOBO HUNTER||Variable|9|Cechriza||||
21596|WO0000005677755|SAN CAMILO|S2|Flat|48|Accenture|1|ATENDIDO POR GARANTIA||
21602|WO0000005679552|MALL AVENTURA PLAZA AREQUIPA|S2|Flat|48|Accenture|3|||
21607|WO0000005679543|LA NEGRITA||Variable|14|Construcciones Tolentino||||
21614|WO0000005678510|MALL AVENTURA PLAZA AREQUIPA||Variable|53|Trazaidea||||
21615|WO0000005678594|MALL AVENTURA PLAZA AREQUIPA||Variable|53|Trazaidea||||
21620|WO0000005678258|LA NEGRITA||Variable|36|MR Express||||
21622|WO0000005680398|SICUANI||Variable|40|Prosegur||||
21625|WO0000005678213|SOCABAYA||Flat|48|Accenture|3|||
21626|WO0000005679504|CUAJONE|Q2|Flat|48|Accenture|1|105|04012-102023|
21627|WO0000005680356|ALTO DE LA ALIANZA||Variable|9|Cechriza||||
21628|WO0000005678242|ALTO DE LA ALIANZA||Variable|53|Trazaidea||||
21634|WO0000005680340|CERRO COLORADO||Variable|9|Cechriza||||
21635|WO0000005678808|LA MERCED (AREQUIPA)||Flat|48|Accenture|1|||
21637|WO0000005677982|BUSTAMANTE Y RIVERO||Flat|48|Accenture|3|||
21638|WO0000005679996|BUSTAMANTE Y RIVERO||Flat|48|Accenture|1|||
21644|WO0000005681830|ILO|Q1|Flat|48|Accenture||||
21647|WO0000005683533|EL PEDREGAL|Q1|Flat|48|Accenture||||
21653|WO0000005683537|TACNA|Q1|Flat|48|Accenture||||
21655|WO0000005683579|QUILLABAMBA|Q1|Flat|48|Accenture||||
21657|WO0000005684360|TACNA||Variable|16|Coorporacion R&M||||
21659|WO0000005683150|TACNA||Variable|16|Coorporacion R&M||||
21661|WO0000005684362|TACNA||Rechazado|16|Coorporacion R&M||||
21680|WO0000005681842|AREQUIPA|S2|Flat|48|Accenture|1|||
21695|WO0000005682780|MALL AVENTURA PLAZA AREQUIPA|S2|Flat|48|Accenture|10|||
21702|WO0000005682709|MARIANO MELGAR|S2|Flat|48|Accenture|9|||
21707|WO0000005681868|UMACOLLO||Flat|48|Accenture|2|||
21708|WO0000005682299|MARIANO MELGAR||Variable|9|Cechriza||||
21709|WO0000005682265|MARIANO MELGAR||Variable|9|Cechriza||||
21710|WO0000005682771|ALTO DE LA ALIANZA||Variable|9|Cechriza||||
21714|WO0000005682769|MALL AVENTURA PLAZA AREQUIPA||Variable|9|Cechriza||||
21717|WO0000005684364|CUSCO||Variable|9|Cechriza||||
21718|WO0000005683123|URUBAMBA|Q2|Flat|48|Accenture|12|||
21719|WO0000005682714|MALL AVENTURA PLAZA AREQUIPA||Variable|9|Cechriza||||
21720|WO0000005683889|DIAGONAL||Variable|9|Cechriza||||
21721|WO0000005682770|MALL AVENTURA PLAZA AREQUIPA||Variable|9|Cechriza||||
21722|WO0000005682772|MALL AVENTURA PLAZA AREQUIPA||Variable|9|Cechriza||||
21723|WO0000005682763|MALL AVENTURA PLAZA AREQUIPA||Variable|9|Cechriza||||
21725|WO0000005683523|ANDAHUAYLAS||Variable|14|Construcciones Tolentino||||
21742|WO0000005688104|MALL AVENTURA PLAZA AREQUIPA||Rechazado|9|Cechriza||||
21743|WO0000005689067|QUILLABAMBA||Flat|48|Accenture||||
21745|WO0000005689233|ILO|Q1|Flat|48|Accenture||||
21747|WO0000005687373|PUNO||Rechazado|48|Accenture||||
21748|WO0000005687375|PUNO|Q2|Flat|48|Accenture||||
21750|WO0000005686903|BUSTAMANTE Y RIVERO|S1|Flat|48|Accenture||||
21751|WO0000005686965|LA MERCED (AREQUIPA)|S2|Flat|48|Accenture||||
21754|WO0000005688107|CUSCO||Rechazado|9|Cechriza||||
21755|WO0000005687754|PARQUE INDUSTRIAL (AREQUIPA)|S1|Flat|48|Accenture||||
21756|WO0000005687784|JULIACA|Q2|Flat|48|Accenture||||
21758|WO0000005686443|UMACOLLO||Variable|16|Coorporacion R&M||||
21762|WO0000005686056|LARAPA||Variable|40|Prosegur||||
21769|WO0000005686930|BUSTAMANTE Y RIVERO|S3|Flat|48|Accenture|1|||
21780|WO0000005686411|CERRO COLORADO|S3|Flat|48|Accenture|3|||
21798|WO0000005686941|LA MERCED (AREQUIPA)||Flat|48|Accenture|1|||
21803|WO0000005693180|MARIANO MELGAR||Variable|14|Construcciones Tolentino||||
21805|WO0000005693186|MARIANO MELGAR||Rechazado|14|Construcciones Tolentino||||
21808|WO0000005692485|JAUREGUI||Variable|48|Accenture||||
21809|WO0000005690535|AREQUIPA||Rechazado|48|Accenture||||
21810|WO0000005690915|MARIANO MELGAR||Variable|48|Accenture||||
21811|WO0000005693117|JULIACA|Q2|Flat|48|Accenture||||
21812|WO0000005693114|JULIACA|Q2|Flat|48|Accenture||||
21813|WO0000005692493|JULIACA|Q2|Flat|48|Accenture||||
21815|WO0000005691979|JAUREGUI|Q1|Flat|48|Accenture||||
21816|WO0000005691591|MOQUEGUA||Flat|48|Accenture||||
21819|WO0000005691309|MARIANO MELGAR||Variable|48|Accenture||123.5|05509-102023|
21820|WO0000005693176|JULIACA|Q2|Flat|48|Accenture||||
21822|WO0000005693123|JULIACA|Q2|Flat|48|Accenture||||
21826|WO0000005693131|SIGLO XX|S1|Flat|48|Accenture||||
21827|WO0000005690914|LA CULTURA||Variable|9|Cechriza||||
21828|WO0000005693183|JULIACA|Q2|Flat|48|Accenture||||
21833|WO0000005691551|MALL AVENTURA PLAZA AREQUIPA|S3|Flat|48|Accenture|1|||
21834|WO0000005691949|SOCABAYA|S2|Flat|48|Accenture|1|||
21835|WO0000005690516|CAYMA|S3|Flat|48|Accenture|1|||
21837|WO0000005690911|MARIANO MELGAR|S2|Flat|48|Accenture|10|||
21841|WO0000005692484|DIAGONAL|S3|Flat|48|Accenture|1|||
21842|WO0000005690545|SIGLO XX|S3|Flat|48|Accenture|1|||
21847|WO0000005690543|LA NEGRITA||Variable|14|Construcciones Tolentino||||
21856|WO0000005690901|MARIANO MELGAR|S2|Flat|48|Accenture|1|||
21861|WO0000005693182|MARIANO MELGAR||Variable|49|TGestiona||GARANTIA||
21864|WO0000005690548|SOCABAYA||Flat|48|Accenture|1|||
21865|WO0000005690552|SOCABAYA||Flat|48|Accenture|1|||
21868|WO0000005693101|PUNO||Variable|53|Trazaidea||||
21869|WO0000005692482|JAUREGUI||Variable|48|Accenture||290.31|04430-102023|
21872|WO0000005690907|MARIANO MELGAR||Variable|46|Shalman||||
21873|WO0000005691536|UMACOLLO||Variable|36|MR Express||||
21874|WO0000005691536|UMACOLLO||Flat|48|Accenture|1|||
21875|WO0000005691536|UMACOLLO||Variable|53|Trazaidea||||
21882|WO0000005696469|LA MERCED (AREQUIPA)||Rechazado|53|Trazaidea||||
21886|WO0000005696408|TOQUEPALA||Variable|26|Indgelec||||
21887|WO0000005694891|JAUREGUI|Q1|Flat|48|Accenture||||
21891|WO0000005696844|MOLLENDO|Q1|Flat|48|Accenture||||
21892|WO0000005696419|TACNA|Q1|Flat|48|Accenture||||
21895|WO0000005695403|PARQUE INDUSTRIAL (AREQUIPA)||Variable|48|Accenture||||
21899|WO0000005696875|AREQUIPA|S3|Flat|48|Accenture|1|||
21931|WO0000005696477|LA MERCED (AREQUIPA)||Variable|53|Trazaidea||||
21932|WO0000005696878|AREQUIPA||Variable|9|Cechriza||||
21937|WO0000005697223|MOQUEGUA||Variable|14|Construcciones Tolentino||||
21938|WO0000005696853|LA CULTURA||Variable|9|Cechriza||||
21939|WO0000005694015|LA NEGRITA||Flat|48|Accenture|1|||
21940|WO0000005694235|BUSTAMANTE Y RIVERO||Variable|9|Cechriza||||
21942|WO0000005696854|LA CULTURA||Variable|14|Construcciones Tolentino||||
21945|WO0000005699991|LA CULTURA||Variable|14|Construcciones Tolentino||||
21957|WO0000005699631|JACOBO HUNTER||Flat|48|Accenture||||
21960|WO0000005699624|URUBAMBA||Rechazado|48|Accenture||||
21963|WO0000005699621|URUBAMBA||Variable|48|Accenture||||
21966|WO0000005701131|HUAYRUROPATA||Rechazado|9|Cechriza||||
21978|WO0000005700285|MALL AVENTURA PLAZA AREQUIPA||Variable|53|Trazaidea||||
22003|WO0000005698719|SIGLO XX||Variable|40|Prosegur||||
22006|WO0000005699909|CUSCO|S3|Flat|48|Accenture|3|||
22007|WO0000005699926|DIAGONAL|S3|Flat|48|Accenture|1|||
22010|WO0000005699615|URUBAMBA|Q2|Flat|48|Accenture|1|||
22033|WO0000005699628|JACOBO HUNTER||Variable|9|Cechriza||||
22041|WO0000005700734|ALTO DE LA ALIANZA||Variable|9|Cechriza||||
22045|WO0000005701128|HUAYRUROPATA||Flat|48|Accenture|13|||
22046|WO0000005698708|CAYMA||Variable|14|Construcciones Tolentino||||
22047|WO0000005701128|HUAYRUROPATA||Variable|36|MR Express||||
22049|WO0000005699635|LA CULTURA||Variable|36|MR Express||||
22050|WO0000005699635|LA CULTURA||Flat|48|Accenture||||
22054|WO0000005699270|AREQUIPA||Variable|9|Cechriza||||
22055|WO0000005703036|LA CULTURA|S2|Flat|48|Accenture||||
22056|WO0000005703712|AREQUIPA||Rechazado|9|Cechriza||||
22062|WO0000005702146|TACNA||Variable|40|Prosegur||||
22066|WO0000005701765|TACNA|Q1|Flat|48|Accenture||||
22067|WO0000005704623|MOQUEGUA||Indeci|48|Accenture||||
22070|WO0000005702167|UMACOLLO||Variable|14|Construcciones Tolentino||||
22071|WO0000005701749|TACNA||Flat|48|Accenture||||
22073|WO0000005702108|JULIACA|Q2|Flat|48|Accenture||||
22081|WO0000005703060|AREQUIPA||Variable|40|Prosegur||||
22084|WO0000005703442|ABANCAY||Variable|14|Construcciones Tolentino||||
22087|WO0000005702588|CAYMA||Variable|53|Trazaidea||||
22088|WO0000005702826|CAYMA||Variable|53|Trazaidea||||
22089|WO0000005702599|CAYMA||Variable|53|Trazaidea||||
22090|WO0000005702811|CAYMA||Variable|53|Trazaidea||||
22091|WO0000005702551|CAYMA||Variable|53|Trazaidea||||
22092|WO0000005702557|CAYMA||Variable|53|Trazaidea||||
22095|WO0000005702565|CAYMA||Variable|53|Trazaidea||||
22096|WO0000005702545|CAYMA||Variable|53|Trazaidea||||
22097|WO0000005702583|CAYMA||Variable|53|Trazaidea||||
22098|WO0000005703025|LA MERCED (AREQUIPA)||Flat|48|Accenture|1|||
22102|WO0000005702502|AREQUIPA||Variable|36|MR Express||||
22106|WO0000005702129|QUILLABAMBA||Variable|9|Cechriza||||
22107|WO0000005702138|QUILLABAMBA||Variable|9|Cechriza||||
22116|WO0000005707101|BOLOGNESI||Variable|40|Prosegur||||
22117|WO0000005709587|PARQUE INDUSTRIAL (AREQUIPA)||Variable|40|Prosegur||||
22127|WO0000005706894|UMACOLLO|S2|Flat|48|Accenture||||
22129|WO0000005706818|AREQUIPA||Rechazado|14|Construcciones Tolentino||||
22132|WO0000005706846|DIAGONAL|S1|Flat|48|Accenture||||
22140|WO0000005709033|JAUREGUI||Rechazado|48|Accenture||||
22141|WO0000005707170|MOQUEGUA|Q1|Flat|48|Accenture||||
22143|WO0000005706816|AREQUIPA|S3|Flat|48|Accenture|1|||
22145|WO0000005707116|LA MERCED (AREQUIPA)||Variable|40|Prosegur||||
22147|WO0000005709585|PARQUE INDUSTRIAL (AREQUIPA)||Variable|40|Prosegur||||
22170|WO0000005708123|CAYMA||Variable|14|Construcciones Tolentino||||
22178|WO0000005706253|MALL AVENTURA PLAZA AREQUIPA||Variable|53|Trazaidea||||
22187|WO0000005708786|LA NEGRITA||Variable|9|Cechriza||||
22192|WO0000005712095|PUERTO MALDONADO|Q1|Flat|48|Accenture||||
22196|WO0000005713273|JULIACA|Q1|Flat|48|Accenture||||
22198|WO0000005712842|LA CULTURA||Flat|48|Accenture||||
22203|WO0000005710420|MALL AVENTURA PLAZA AREQUIPA|S2|Flat|48|Accenture||||
22206|WO0000005711769|SOCABAYA||Flat|48|Accenture||||
22212|WO0000005712861|SAN CAMILO||Variable|14|Construcciones Tolentino||||
22218|WO0000005712332|CUAJONE||Variable|48|Accenture||||
22220|WO0000005711707|AREQUIPA|S3|Flat|48|Accenture|6|||
22225|WO0000005711385|LA MERCED (AREQUIPA)|S4|Flat|48|Accenture|1|||
22227|WO0000005712091|PARQUE INDUSTRIAL (AREQUIPA)||Variable|48|Accenture||||
22230|WO0000005713214|SAN ROMAN||Variable|14|Construcciones Tolentino||||
22236|WO0000005712333|SAN ROMAN||Variable|9|Cechriza||||
22240|WO0000005712076|PUERTO MALDONADO||Variable|9|Cechriza||||
22241|WO0000005712074|PUERTO MALDONADO||Variable|9|Cechriza||||
22242|WO0000005712084|PUERTO MALDONADO||Variable|9|Cechriza||||
22243|WO0000005712078|PUERTO MALDONADO||Variable|9|Cechriza||||
22244|WO0000005714532|BOLOGNESI|Q1|Flat|48|Accenture||||
22246|WO0000005714802|BOLOGNESI|Q1|Flat|48|Accenture||||
22247|WO0000005714826|SAN ROMAN|Q1|Flat|48|Accenture||||
22250|WO0000005715269|SICUANI|S1|Flat|48|Accenture||||
22255|WO0000005715838|AREQUIPA||Variable|32|Limtek||||
22257|WO0000005716259|TACNA|Q1|Flat|48|Accenture||||
22259|WO0000005715437|CAYMA|S1|Flat|48|Accenture||||
22260|WO0000005715448|CUAJONE||Indeci|48|Accenture||||
22263|WO0000005714528|BOLOGNESI|Q1|Flat|48|Accenture||||
22265|WO0000005714064|MALL AVENTURA PLAZA AREQUIPA|S2|Flat|48|Accenture||||
22267|WO0000005714063|SAN ROMAN|Q1|Flat|48|Accenture||||
22271|WO0000005715848|TACNA||Rechazado|40|Prosegur||||
22277|WO0000005715497|MARIANO MELGAR||Rechazado|14|Construcciones Tolentino||||
22285|WO0000005715246|SOCABAYA|S4|Flat|48|Accenture|4|||
22286|WO0000005715444|AREQUIPA|S4|Flat|48|Accenture|1|||
22303|WO0000005715498|MARIANO MELGAR||Variable|9|Cechriza||||
22309|WO0000005718910|ABANCAY|Q1|Flat|48|Accenture||||
22310|WO0000005718926|ABANCAY|Q1|Flat|48|Accenture||||
22316|WO0000005719786|JACOBO HUNTER|S4|Flat|48|Accenture||||
22321|WO0000005719729|ILO||Variable|40|Prosegur||||
22323|WO0000005719782|TACNA||Rechazado|40|Prosegur||||
22327|WO0000005717140|MOLLENDO||Variable|40|Prosegur||||
22330|WO0000005718588|ABANCAY|Q1|Flat|48|Accenture||||
22333|WO0000005718597|ABANCAY|Q1|Flat|48|Accenture||||
22334|WO0000005718502|ILO|Q1|Flat|48|Accenture||||
22343|WO0000005717431|CUSCO||Variable|48|Accenture||||
22349|WO0000005718294|DIAGONAL|S4|Flat|48|Accenture|1|||
22356|WO0000005719732|CUSCO||Variable|9|Cechriza||||
22368|WO0000005719301|AREQUIPA||Flat|48|Accenture||||
22369|WO0000005718999|AREQUIPA||Flat|48|Accenture|1|||
22383|WO0000005720764|PARQUE INDUSTRIAL (AREQUIPA)|S1|Flat|48|Accenture||||
22384|WO0000005720758|PARQUE INDUSTRIAL (AREQUIPA)||Variable|48|Accenture||||
22385|WO0000005720761|PARQUE INDUSTRIAL (AREQUIPA)|S1|Flat|48|Accenture||||
22386|WO0000005721707|MARIANO MELGAR||Variable|32|Limtek||||
22388|WO0000005721743|MARIANO MELGAR||Variable|16|Coorporacion R&M||||
22395|WO0000005722480|CAYMA|S1|Flat|48|Accenture||||
22400|WO0000005723238|BUSTAMANTE Y RIVERO|S1|Flat|48|Accenture||||
22401|WO0000005723239|BUSTAMANTE Y RIVERO|S1|Flat|48|Accenture||||
22403|WO0000005723237|BUSTAMANTE Y RIVERO|S1|Flat|48|Accenture||||
22404|WO0000005722827|PUNO|Q1|Flat|48|Accenture||||
22405|WO0000005722847|TACNA|Q1|Flat|48|Accenture||||
22408|WO0000005721251|URUBAMBA|Q1|Flat|48|Accenture||||
22410|WO0000005721704|MARIANO MELGAR|S2|Flat|48|Accenture||||
22412|WO0000005720792|CAMANA||Variable|48|Accenture||||
22413|WO0000005721207|SIGLO XX||Variable|48|Accenture||||
22414|WO0000005721211|SIGLO XX|S1|Flat|48|Accenture||||
22415|WO0000005721739|MARIANO MELGAR|S2|Flat|48|Accenture||||
22416|WO0000005721747|MARIANO MELGAR|S2|Flat|48|Accenture||||
22417|WO0000005721750|MARIANO MELGAR|S2|Flat|48|Accenture||||
22418|WO0000005721733|MARIANO MELGAR|S2|Flat|48|Accenture||||
22420|WO0000005721725|MARIANO MELGAR|S2|Flat|48|Accenture||||
22421|WO0000005721729|AREQUIPA||Variable|48|Accenture||||
22424|WO0000005722840|CUSCO||Variable|9|Cechriza||||
22425|WO0000005721220|SIGLO XX||Variable|53|Trazaidea||||
22427|WO0000005723241|BUSTAMANTE Y RIVERO||Variable|53|Trazaidea||||
22430|WO0000005722044|UMACOLLO||Variable|40|Prosegur||||
22431|WO0000005720789|PARQUE INDUSTRIAL (AREQUIPA)||Variable|53|Trazaidea||||
22436|WO0000005720759|MARIANO MELGAR||Variable|46|Shalman||||
22451|WO0000005720770|PARQUE INDUSTRIAL (AREQUIPA)||Flat|48|Accenture||||
22452|WO0000005720775|PARQUE INDUSTRIAL (AREQUIPA)||Flat|48|Accenture||||
22453|WO0000005721208|SIGLO XX||Flat|48|Accenture||||
22454|WO0000005720782|PARQUE INDUSTRIAL (AREQUIPA)||Flat|48|Accenture||||
22455|WO0000005720777|PARQUE INDUSTRIAL (AREQUIPA)||Flat|48|Accenture||||
22456|WO0000005721205|SIGLO XX||Flat|48|Accenture||||
22457|WO0000005721215|SIGLO XX||Flat|48|Accenture||||
22462|WO0000005721287|AREQUIPA||Flat|48|Accenture||||
22463|WO0000005721221|SIGLO XX||Flat|48|Accenture||||
22464|WO0000005721216|SIGLO XX||Flat|48|Accenture||||
22465|WO0000005721223|SIGLO XX||Flat|48|Accenture||||
22466|WO0000005721222|SIGLO XX||Flat|48|Accenture||||
22467|WO0000005720766|PARQUE INDUSTRIAL (AREQUIPA)||Flat|48|Accenture||||
22474|WO0000005722828|CUSCO||Variable|9|Cechriza||||
22475|WO0000005721738|MARIANO MELGAR|S2|Flat|48|Accenture|2|||
22476|WO0000005721752|MARIANO MELGAR|S2|Flat|48|Accenture|1|||
22477|WO0000005721741|MARIANO MELGAR||Variable|16|Coorporacion R&M||||
22478|WO0000005721744|MARIANO MELGAR|S2|Flat|48|Accenture|1|||
22482|WO0000005722899|CUSCO|S2|Flat|48|Accenture|15|||
22484|WO0000005721711|MARIANO MELGAR||Variable|16|Coorporacion R&M||||
22488|WO0000005724425|TACNA||Variable|40|Prosegur||||
22495|WO0000005728269|LA CULTURA|S2|Flat|48|Accenture||||
22499|WO0000005727860|ILO|Q1|Flat|48|Accenture||||
22503|WO0000005724752|AREQUIPA||Variable|40|Prosegur||||
22507|WO0000005728279|DIAGONAL|S2|Flat|48|Accenture||||
22510|WO0000005726863|SAN ROMAN|Q1|Flat|48|Accenture||||
22515|WO0000005726864|SAN ROMAN|Q1|Flat|48|Accenture||||
22523|WO0000005728254|MOQUEGUA|Q1|Flat|48|Accenture||||
22535|WO0000005727364|BUSTAMANTE Y RIVERO||Variable|16|Coorporacion R&M||||
22538|WO0000005726582|QUILLABAMBA||Variable|9|Cechriza||||
22540|WO0000005726551|LA CULTURA|S2|Flat|48|Accenture|16|||
22548|WO0000005730752|LA NEGRITA|S2|Flat|48|Accenture||||
22551|WO0000005729700|CUSCO||Variable|48|Accenture||||
22555|WO0000005730412|URUBAMBA|Q1|Flat|48|Accenture||||
22557|WO0000005730742|ILO|Q1|Flat|48|Accenture||||
22558|WO0000005730488|CAMANA|Q1|Flat|48|Accenture||||
22559|WO0000005730183|TACNA|Q1|Flat|48|Accenture||||
22565|WO0000005729234|JULIACA|Q2|Flat|48|Accenture||||
22568|WO0000005731779|CERRO COLORADO|S2|Flat|48|Accenture||||
22585|WO0000005731390|SIGLO XX||Variable|48|Accenture||||
22586|WO0000005731392|SIGLO XX||Variable|48|Accenture||||
22608|WO0000005730748|LA NEGRITA|S2|Flat|48|Accenture|1|||
22609|WO0000005730725|CERRO COLORADO||Variable|14|Construcciones Tolentino||||
